time,cell_x,count,density,mean_speed,hotspot_score,bottleneck_score
116.75,10,17.0,0.0956,1.9457000000000002,0.7574555884529979,0.3538119911176906
117.25,10,18.0,0.1013,1.9338,0.8023797187268691,0.3812361213915618
117.75,10,19.0,0.1069,1.9134947368421054,0.846822723908216,0.40185048112509253
118.25,10,17.0,0.0956,1.9841,0.7574555884529979,0.3538119911176906
118.76,10,18.0,0.1013,1.9236,0.8023797187268691,0.3812361213915618
119.26,10,18.0,0.1013,1.9973,0.8023797187268691,0.3749074759437454
119.76,10,18.0,0.1013,1.9887,0.8023797187268691,0.3749074759437454
120.26,10,17.0,0.0956,1.9555999999999998,0.7574555884529979,0.3538119911176906
120.76,9,17.0,0.0956,1.8977,0.7574555884529979,0.3538119911176906
120.76,10,18.0,0.1012,1.8054944444444443,0.801898593634345,0.38075499629903775
121.26,9,17.0,0.0956,1.875,0.7574555884529979,0.3538119911176906
121.26,10,18.0,0.1012,1.9012611111111113,0.801898593634345,0.37453737971872686
121.76,9,17.0,0.0956,1.8246,0.7574555884529979,0.3538119911176906
121.76,10,18.0,0.1013,2.074,0.8023797187268691,0.375018504811251
122.26,9,18.0,0.1013,1.9519,0.8023797187268691,0.3812361213915618
122.26,10,18.0,0.1013,2.0227,0.8023797187268691,0.3749074759437454
122.76,9,19.0,0.1069,1.8018,0.846822723908216,0.40185048112509253
122.76,10,17.0,0.0956,1.9859,0.7574555884529979,0.3538119911176906
123.26,9,18.0,0.1013,1.8243999999999998,0.8023797187268691,0.3749074759437454
123.26,10,18.0,0.1013,2.0096,0.8023797187268691,0.3812361213915618
123.76,9,19.0,0.1069,1.7142,0.846822723908216,0.40185048112509253
123.76,10,17.0,0.0956,1.8605,0.7574555884529979,0.3538119911176906
124.26,9,17.0,0.0956,1.8847000000000003,0.7574555884529979,0.3538119911176906
124.26,10,19.0,0.1069,1.9337,0.846822723908216,0.40817912657290895
124.76,9,18.0,0.1013,1.8343,0.8023797187268691,0.3812361213915618
124.76,10,17.0,0.0956,2.0116,0.7574555884529979,0.3538119911176906
125.27,9,20.0,0.1125,1.8036,0.8912657290895633,0.4287934863064397
125.77,9,19.0,0.1069,1.8558,0.846822723908216,0.39563286454478164
126.27,9,19.0,0.1069,1.7676,0.846822723908216,0.39563286454478164
126.77,9,21.0,0.1181,1.8361,0.9182087342709104,0.44951887490747594
127.27,9,18.0,0.1013,1.6793,0.8023797187268691,0.3749074759437454
127.77,9,19.0,0.1069,1.8075,0.846822723908216,0.40185048112509253
128.27,8,17.0,0.0956,1.7936,0.7574555884529979,0.3538119911176906
128.27,9,18.0,0.1013,1.7922,0.8023797187268691,0.3749074759437454
128.27,10,19.0,0.1069,1.7909,0.846822723908216,0.40185048112509253
128.77,8,18.0,0.1013,1.8194000000000001,0.8023797187268691,0.3812361213915618
128.77,9,20.0,0.1125,1.8196,0.8912657290895633,0.4287934863064397
128.77,10,17.0,0.0956,1.9891,0.7574555884529979,0.3538119911176906
129.27,8,18.0,0.1013,1.7855999999999999,0.8023797187268691,0.3749074759437454
129.27,9,20.0,0.1125,1.7277999999999998,0.8912657290895633,0.4163582531458179
129.27,10,19.0,0.1069,1.9413,0.846822723908216,0.40817912657290895
129.77,8,17.0,0.0956,1.7022,0.7574555884529979,0.3538119911176906
129.77,9,20.0,0.1125,1.7368999999999999,0.8912657290895633,0.4163582531458179
129.77,10,19.0,0.1069,1.8816631578947367,0.846822723908216,0.39563286454478164
130.28,8,19.0,0.1069,1.6343,0.846822723908216,0.40817912657290895
130.28,9,19.0,0.1069,1.7949,0.846822723908216,0.39563286454478164
130.28,10,17.0,0.0956,1.9901,0.7574555884529979,0.3538119911176906
130.78,8,19.0,0.1069,1.6409,0.846822723908216,0.39563286454478164
130.78,9,20.0,0.1125,1.7561,0.8912657290895633,0.4225758697261288
130.78,10,18.0,0.1013,1.7935,0.8023797187268691,0.3812361213915618
131.28,8,18.0,0.1013,1.6654,0.8023797187268691,0.3749074759437454
131.28,9,19.0,0.1069,1.7629000000000001,0.846822723908216,0.39563286454478164
131.28,10,21.0,0.1181,1.8573333333333333,0.9182087342709104,0.4557364914877868
131.78,8,18.0,0.1013,1.639,0.8023797187268691,0.3749074759437454
131.78,9,19.0,0.1069,1.7501,0.846822723908216,0.39563286454478164
131.78,10,21.0,0.1181,1.9597,0.9182087342709104,0.43708364174685416
132.28,8,19.0,0.1069,1.7212000000000003,0.846822723908216,0.40185048112509253
132.28,9,20.0,0.1125,1.6976,0.8912657290895633,0.4225758697261288
132.28,10,19.0,0.1069,1.9437000000000002,0.846822723908216,0.39563286454478164
132.78,8,19.0,0.1069,1.6342,0.846822723908216,0.39563286454478164
132.78,9,21.0,0.1181,1.8593999999999997,0.9182087342709104,0.44330125832716505
132.78,10,19.0,0.1069,1.9786999999999997,0.846822723908216,0.39563286454478164
133.28,8,21.0,0.1181,1.7531,0.9182087342709104,0.44951887490747594
133.28,9,19.0,0.1069,1.8242000000000003,0.846822723908216,0.39563286454478164
133.28,10,21.0,0.1181,1.9803000000000002,0.9182087342709104,0.44951887490747594
133.78,8,19.0,0.1069,1.6791,0.846822723908216,0.39563286454478164
133.78,9,19.0,0.1069,1.8283000000000003,0.846822723908216,0.39563286454478164
133.78,10,20.0,0.1125,1.9573,0.8912657290895633,0.4163582531458179
134.28,8,20.0,0.1125,1.6967000000000003,0.8912657290895633,0.4225758697261288
134.28,9,20.0,0.1125,1.9081,0.8912657290895633,0.4225758697261288
134.28,10,19.0,0.1069,1.9649,0.846822723908216,0.39563286454478164
134.78,8,21.0,0.1181,1.5772000000000002,0.9182087342709104,0.44330125832716505
134.78,9,21.0,0.1181,1.7363,0.9182087342709104,0.44330125832716505
134.78,10,18.0,0.1012,1.9056055555555556,0.801898593634345,0.37453737971872686
135.28,8,23.0,0.1294,1.5974000000000002,0.9725758697261287,0.4914507772020725
135.28,9,20.0,0.1125,1.8710999999999998,0.8912657290895633,0.4163582531458179
135.28,10,19.0,0.1069,1.815157894736842,0.846822723908216,0.40196150999259805
135.79,8,21.0,0.1181,1.6157999999999997,0.9182087342709104,0.43708364174685416
135.79,9,21.0,0.1181,1.8569,0.9182087342709104,0.44330125832716505
135.79,10,19.0,0.1069,1.8213000000000001,0.846822723908216,0.39563286454478164
136.29,8,22.0,0.1238,1.7324999999999997,0.9456328645447816,0.46450777202072535
136.29,9,20.0,0.1125,1.7044000000000001,0.8912657290895633,0.4163582531458179
136.29,10,20.0,0.11249999999999999,1.87872,0.8912657290895633,0.42257586972612876
136.79,8,22.0,0.12369999999999999,1.7339363636363636,0.9451517394522576,0.45780903034789044
136.79,9,19.0,0.1069,1.8550999999999997,0.846822723908216,0.39563286454478164
136.79,10,20.0,0.1125,1.8408000000000002,0.8912657290895633,0.4163582531458179
137.29,8,22.0,0.12369999999999999,1.7116727272727272,0.9451517394522576,0.45780903034789044
137.29,9,21.0,0.1181,1.8450999999999997,0.9182087342709104,0.44951887490747594
137.29,10,18.0,0.1013,2.0732,0.8023797187268691,0.3749074759437454
137.79,8,24.0,0.13499999999999998,1.7496916666666664,0.9995188749074759,0.5121761658031088
137.79,9,19.0,0.1069,1.8137,0.846822723908216,0.39563286454478164
137.79,10,20.0,0.1125,1.9884999999999997,0.8912657290895633,0.4287934863064397
138.29,8,23.0,0.1294,1.8363304347826086,0.9725758697261287,0.47890451517394517
138.29,9,21.0,0.1181,1.7846,0.9182087342709104,0.44951887490747594
138.29,10,19.0,0.1069,1.906673684210526,0.846822723908216,0.39563286454478164
138.79,8,23.0,0.1294,1.7381260869565218,0.9725758697261287,0.47890451517394517
138.79,9,20.0,0.1125,1.8207999999999998,0.8912657290895633,0.4163582531458179
138.79,10,20.0,0.11249999999999999,1.9203299999999999,0.8912657290895633,0.42257586972612876
139.29,8,23.0,0.1294,1.6992869565217392,0.9725758697261287,0.47890451517394517
139.29,9,20.0,0.1125,1.7549999999999997,0.8912657290895633,0.4163582531458179
139.29,10,20.0,0.1125,1.9021000000000001,0.8912657290895633,0.4163582531458179
139.79,8,22.0,0.12369999999999999,1.6704772727272728,0.9451517394522576,0.45780903034789044
139.79,9,23.0,0.1294,1.9274,0.9725758697261287,0.49766839378238337
139.79,10,19.0,0.1069,1.9388,0.846822723908216,0.39563286454478164
140.29,8,24.0,0.13499999999999998,1.5922583333333336,0.9995188749074759,0.5121761658031088
140.29,9,20.0,0.1125,1.8039,0.8912657290895633,0.4163582531458179
140.29,10,21.0,0.1181,1.975047619047619,0.9182087342709104,0.44951887490747594
140.79,8,22.0,0.12369999999999999,1.4007045454545453,0.9451517394522576,0.45780903034789044
140.79,9,21.0,0.1181,1.8343999999999998,0.9182087342709104,0.44330125832716505
140.79,10,20.0,0.1125,2.0191,0.8912657290895633,0.4163582531458179
141.29,8,22.0,0.12369999999999999,1.6665227272727272,0.9451517394522576,0.45780903034789044
141.29,9,23.0,0.1294,1.776,0.9725758697261287,0.4914507772020725
141.29,10,19.0,0.1069,1.8536999999999997,0.846822723908216,0.39563286454478164
141.79,8,24.0,0.13499999999999998,1.5717916666666667,0.9995188749074759,0.5121761658031088
141.79,9,22.0,0.1238,1.8317,0.9456328645447816,0.45817912657290893
141.79,10,19.0,0.1069,1.8644,0.846822723908216,0.39563286454478164
142.29,8,22.0,0.1238,1.4964,0.9456328645447816,0.45817912657290893
142.29,9,23.0,0.1294,1.817,0.9725758697261287,0.48512213175425606
142.29,10,18.0,0.1013,1.8284,0.8023797187268691,0.3749074759437454
142.79,8,24.0,0.135,1.5124000000000002,0.9995188749074759,0.5120651369356033
142.79,9,21.0,0.1181,1.6898,0.9182087342709104,0.43708364174685416
142.79,10,20.0,0.1125,1.8191,0.8912657290895633,0.4287934863064397
143.3,7,18.0,0.1013,2.0020000000000002,0.8023797187268691,0.3811250925240563
143.3,8,24.0,0.135,1.5156,0.9995188749074759,0.4996299037749815
143.3,9,21.0,0.1181,1.7285999999999997,0.9182087342709104,0.43708364174685416
143.3,10,20.0,0.1125,2.0041,0.8912657290895633,0.4163582531458179
143.8,7,17.0,0.09570000000000001,1.869894117647059,0.7579367135455218,0.3541820873427091
143.8,8,24.0,0.135,1.4364999999999999,0.9995188749074759,0.4996299037749815
143.8,9,23.0,0.1294,1.6983,0.9725758697261287,0.4914507772020725
143.8,10,18.0,0.1013,1.7905,0.8023797187268691,0.3749074759437454
144.3,8,24.0,0.135,1.4966,0.9995188749074759,0.4996299037749815
144.3,9,23.0,0.1294,1.7716,0.9725758697261287,0.47890451517394517
144.3,10,17.0,0.0956,1.9505999999999997,0.7574555884529979,0.3538119911176906
144.8,8,25.0,0.1406,1.5286,1.0,0.5062176165803108
144.8,9,22.0,0.1238,1.8166000000000002,0.9456328645447816,0.45817912657290893
144.8,10,19.0,0.1069,1.892178947368421,0.846822723908216,0.40817912657290895
145.3,8,27.0,0.1519,1.639885185185185,1.0,0.5125462620281274
145.3,9,22.0,0.1238,1.6388999999999998,0.9456328645447816,0.45817912657290893
145.3,10,20.0,0.11249999999999999,1.815925,0.8912657290895633,0.42257586972612876
145.8,8,25.0,0.1407,1.7224120000000003,1.0,0.5
145.8,9,24.0,0.135,1.7242,0.9995188749074759,0.5120651369356033
145.8,10,18.0,0.1013,1.9673,0.8023797187268691,0.3749074759437454
146.3,8,24.0,0.135,1.6957375,0.9995188749074759,0.4996299037749815
146.3,9,25.0,0.1406,1.7983000000000002,1.0,0.5062176165803108
146.3,10,17.0,0.0956,1.8712,0.7574555884529979,0.3538119911176906
146.82,8,25.0,0.1407,1.59506,1.0,0.5063286454478164
146.82,9,23.0,0.1294,1.7758,0.9725758697261287,0.47890451517394517
146.82,10,18.0,0.1013,1.9165,0.8023797187268691,0.3812361213915618
147.33,8,26.0,0.14629999999999999,1.6219692307692308,1.0,0.5062176165803108
147.33,9,22.0,0.1238,1.6847,0.9456328645447816,0.45817912657290893
147.33,10,18.0,0.1012,1.8547944444444444,0.801898593634345,0.37453737971872686
147.83,8,26.0,0.14629999999999999,1.6879961538461539,1.0,0.5
147.83,9,22.0,0.1238,1.7698,0.9456328645447816,0.45817912657290893
147.83,10,19.0,0.1069,2.0775,0.846822723908216,0.40196150999259805
148.33,6,17.0,0.0957,1.7802235294117648,0.7579367135455217,0.35418208734270906
148.33,8,26.0,0.1463,1.5503846153846155,1.0,0.5
148.33,9,23.0,0.1294,1.7594,0.9725758697261287,0.48512213175425606
148.33,10,17.0,0.0956,1.9920999999999998,0.7574555884529979,0.3538119911176906
148.83,6,18.0,0.1013,1.8108666666666668,0.8023797187268691,0.3811250925240563
148.83,8,28.0,0.1575,1.6707178571428571,1.0,0.5124352331606218
148.83,9,22.0,0.1238,1.8342999999999998,0.9456328645447816,0.45817912657290893
149.33,6,18.0,0.1013,1.9000111111111113,0.8023797187268691,0.3749074759437454
149.33,8,28.0,0.15760000000000002,1.6152357142857146,1.0,0.5001110288675056
149.33,9,22.0,0.1238,1.7867,0.9456328645447816,0.45817912657290893
149.83,6,19.0,0.1069,2.0082368421052634,0.846822723908216,0.40185048112509253
149.83,8,27.0,0.1519,1.6957703703703704,1.0,0.5
149.83,9,22.0,0.1238,1.8604999999999998,0.9456328645447816,0.45817912657290893
150.33,6,18.0,0.1013,1.9191777777777774,0.8023797187268691,0.3749074759437454
150.33,8,25.0,0.1406,1.662,1.0,0.5
150.33,9,22.0,0.1238,1.7696000000000003,0.9456328645447816,0.45817912657290893
150.33,10,17.0,0.0956,2.0055,0.7574555884529979,0.3538119911176906
150.83,8,26.0,0.1463,1.652,1.0,0.5063286454478164
150.83,9,20.0,0.1125,1.8262,0.8912657290895633,0.4163582531458179
150.83,10,18.0,0.1012,1.8297666666666668,0.801898593634345,0.38075499629903775
151.33,7,21.0,0.1182,1.925242857142857,0.9186898593634345,0.4436713545521836
151.33,8,25.0,0.1406,1.6274000000000002,1.0,0.5
151.33,9,21.0,0.1181,1.8107000000000002,0.9182087342709104,0.44330125832716505
151.33,10,19.0,0.1069,1.9376157894736843,0.846822723908216,0.40196150999259805
151.83,7,20.0,0.1125,1.957125,0.8912657290895633,0.4163582531458179
151.83,8,24.0,0.135,1.61,0.9995188749074759,0.4996299037749815
151.83,9,22.0,0.1238,1.7972,0.9456328645447816,0.46450777202072535
151.83,10,18.0,0.1013,1.8350999999999997,0.8023797187268691,0.3749074759437454
152.33,7,20.0,0.1125,2.052975,0.8912657290895633,0.4163582531458179
152.33,8,25.0,0.1406,1.5714999999999997,1.0,0.5062176165803108
152.33,9,24.0,0.135,1.8972,0.9995188749074759,0.5120651369356033
152.83,7,21.0,0.1181,1.9978523809523812,0.9182087342709104,0.44330125832716505
152.83,8,26.0,0.1463,1.6784,1.0,0.5063286454478164
152.83,9,21.0,0.1181,1.7506,0.9182087342709104,0.43708364174685416
153.33,7,21.0,0.1181,1.9878761904761906,0.9182087342709104,0.43708364174685416
153.33,8,26.0,0.1462,1.6749846153846153,1.0,0.5
153.33,9,21.0,0.1181,1.7273999999999998,0.9182087342709104,0.43708364174685416
153.84,7,20.0,0.11249999999999999,1.85718,0.8912657290895633,0.41635825314581787
153.84,8,26.0,0.1462,1.7181653846153846,1.0,0.5
153.84,9,20.0,0.1125,1.7871,0.8912657290895633,0.4163582531458179
154.34,7,20.0,0.1125,1.885915,0.8912657290895633,0.4163582531458179
154.34,8,27.0,0.1519,1.7063703703703705,1.0,0.5063286454478164
154.34,9,20.0,0.1125,1.834,0.8912657290895633,0.4163582531458179
154.84,6,17.0,0.0957,1.9669235294117646,0.7579367135455217,0.35418208734270906
154.84,7,21.0,0.11810000000000001,1.789495238095238,0.9182087342709104,0.4433012583271651
154.84,8,26.0,0.1463,1.6737,1.0,0.5
154.84,9,22.0,0.1238,1.8431999999999997,0.9456328645447816,0.47072538860103624
155.34,6,17.0,0.0957,1.8901588235294118,0.7579367135455217,0.35418208734270906
155.34,7,22.0,0.1238,1.7823,0.9456328645447816,0.46450777202072535
155.34,8,26.0,0.1463,1.5078999999999998,1.0,0.5
155.34,9,20.0,0.1125,1.7744,0.8912657290895633,0.4163582531458179
155.84,6,18.0,0.1013,1.8660166666666664,0.8023797187268691,0.3811250925240563
155.84,7,21.0,0.1182,1.8006857142857142,0.9186898593634345,0.4374537379718727
155.84,8,26.0,0.1463,1.5507,1.0,0.5
155.84,9,21.0,0.1181,1.7765,0.9182087342709104,0.44330125832716505
156.34,6,19.0,0.1069,1.7205263157894735,0.846822723908216,0.40185048112509253
156.34,7,19.0,0.1069,1.9087157894736837,0.846822723908216,0.39563286454478164
156.34,8,26.0,0.1462,1.6128846153846155,1.0,0.5
156.34,9,21.0,0.1181,1.7599,0.9182087342709104,0.43708364174685416
156.34,10,17.0,0.0956,1.9984,0.7574555884529979,0.3538119911176906
156.84,6,20.0,0.11249999999999999,1.8152749999999997,0.8912657290895633,0.42257586972612876
156.84,7,21.0,0.1182,1.836904761904762,0.9186898593634345,0.45
156.84,8,24.0,0.135,1.5789,0.9995188749074759,0.4996299037749815
156.84,9,22.0,0.1238,1.7682,0.9456328645447816,0.46450777202072535
157.34,6,20.0,0.1125,1.6207,0.8912657290895633,0.4163582531458179
157.34,7,20.0,0.1125,1.75837,0.8912657290895633,0.4163582531458179
157.34,8,24.0,0.135,1.7705,0.9995188749074759,0.4996299037749815
157.34,9,21.0,0.1181,1.6949999999999998,0.9182087342709104,0.43708364174685416
157.84,6,19.0,0.1069,1.8779368421052633,0.846822723908216,0.39563286454478164
157.84,7,21.0,0.1182,1.9663285714285712,0.9186898593634345,0.4437823834196891
157.84,8,24.0,0.13499999999999998,1.7010416666666668,0.9995188749074759,0.49962990377498145
157.84,9,20.0,0.1125,1.9108,0.8912657290895633,0.4163582531458179
158.34,6,19.0,0.1069,1.768263157894737,0.846822723908216,0.39563286454478164
158.34,7,21.0,0.1182,1.7979714285714283,0.9186898593634345,0.4374537379718727
158.34,8,25.0,0.1406,1.6059999999999999,1.0,0.506217616580311
158.34,9,20.0,0.1125,1.7853999999999999,0.8912657290895633,0.4163582531458179
158.84,6,20.0,0.11249999999999999,1.69742,0.8912657290895633,0.42257586972612876
158.84,7,19.0,0.1069,1.8036894736842104,0.846822723908216,0.39563286454478164
158.84,8,26.0,0.1462,1.5684615384615381,1.0,0.5062176165803108
158.84,9,20.0,0.1125,1.7704999999999997,0.8912657290895633,0.4163582531458179
158.84,10,17.0,0.0956,2.0184,0.7574555884529979,0.3538119911176906
159.35,6,19.0,0.1069,1.7677052631578947,0.846822723908216,0.39563286454478164
159.35,7,21.0,0.1182,1.7075714285714283,0.9186898593634345,0.45
159.35,8,26.0,0.1462,1.7179307692307693,1.0,0.5
159.35,9,21.0,0.1181,1.8307999999999998,0.9182087342709104,0.44330125832716505
159.85,6,20.0,0.1125,1.7657,0.8912657290895633,0.4225758697261288
159.85,7,20.0,0.1125,1.76558,0.8912657290895633,0.4163582531458179
159.85,8,25.0,0.1406,1.577,1.0,0.5
159.85,9,21.0,0.1181,1.8936,0.9182087342709104,0.43708364174685416
160.35,6,22.0,0.1238,1.8223272727272728,0.9456328645447816,0.47072538860103624
160.35,7,18.0,0.1013,1.6974888888888888,0.8023797187268691,0.3749074759437454
160.35,8,25.0,0.1406,1.5419,1.0,0.5
160.35,9,21.0,0.1181,1.7688,0.9182087342709104,0.43708364174685416
160.85,6,22.0,0.1238,1.8564,0.9456328645447816,0.45817912657290893
160.85,7,18.0,0.1013,1.7903333333333333,0.8023797187268691,0.3749074759437454
160.85,8,28.0,0.1575,1.6667,1.0,0.5187638786084382
160.85,9,19.0,0.1069,1.8705000000000003,0.846822723908216,0.39563286454478164
161.35,6,22.0,0.1238,1.7656999999999998,0.9456328645447816,0.45817912657290893
161.35,7,19.0,0.10690000000000001,1.7589947368421055,0.8468227239082162,0.4018504811250926
161.35,8,27.0,0.1519,1.6271,1.0,0.5
161.35,9,20.0,0.1125,1.7944,0.8912657290895633,0.4225758697261288
161.35,10,17.0,0.0956,1.8744,0.7574555884529979,0.3538119911176906
161.85,6,23.0,0.12940000000000002,1.7151521739130435,0.9725758697261289,0.48512213175425617
161.85,7,21.0,0.1182,1.6675571428571427,0.9186898593634345,0.45
161.85,8,26.0,0.1462,1.7669884615384615,1.0,0.5
161.85,9,21.0,0.1181,1.8261,0.9182087342709104,0.44330125832716505
162.35,6,24.0,0.135,1.5554500000000002,0.9995188749074759,0.5058475203552923
162.35,7,20.0,0.11249999999999999,1.70675,0.8912657290895633,0.41635825314581787
162.35,8,25.0,0.1406,1.742508,1.0,0.5
162.35,9,21.0,0.1181,1.8095000000000003,0.9182087342709104,0.43708364174685416
162.85,6,23.0,0.1294,1.5457956521739131,0.9725758697261287,0.47890451517394517
162.85,7,19.0,0.1069,1.5849,0.846822723908216,0.39563286454478164
162.85,8,27.0,0.1519,1.7728444444444444,1.0,0.5125462620281274
162.85,9,19.0,0.1069,1.7361,0.846822723908216,0.39563286454478164
163.35,6,22.0,0.1238,1.516281818181818,0.9456328645447816,0.45817912657290893
163.35,7,22.0,0.12369999999999999,1.4903090909090908,0.9451517394522576,0.47646188008882306
163.35,8,25.0,0.1406,1.72006,1.0,0.5
163.35,9,20.0,0.1125,1.8890999999999998,0.8912657290895633,0.4225758697261288
163.35,10,17.0,0.0956,1.9399999999999997,0.7574555884529979,0.3538119911176906
163.85,6,21.0,0.1181,1.4302666666666668,0.9182087342709104,0.43708364174685416
163.85,7,22.0,0.12380000000000001,1.6002909090909088,0.9456328645447817,0.45829015544041457
163.85,8,24.0,0.135,1.6909,0.9995188749074759,0.4996299037749815
163.85,9,20.0,0.1125,1.8555999999999997,0.8912657290895633,0.4163582531458179
163.85,10,18.0,0.1013,1.9172,0.8023797187268691,0.3812361213915618
164.35,6,21.0,0.1181,1.3523333333333334,0.9182087342709104,0.43708364174685416
164.35,7,22.0,0.12380000000000001,1.6901000000000002,0.9456328645447817,0.458179126572909
164.35,8,24.0,0.135,1.715,0.9995188749074759,0.4996299037749815
164.35,9,21.0,0.1181,1.8169,0.9182087342709104,0.44330125832716505
164.35,10,18.0,0.1013,2.0233,0.8023797187268691,0.3749074759437454
164.85,6,22.0,0.1237,1.5615409090909091,0.9451517394522576,0.4640266469282014
164.85,7,22.0,0.1238,1.6329454545454547,0.9456328645447816,0.45817912657290893
164.85,8,24.0,0.135,1.6112,0.9995188749074759,0.4996299037749815
164.85,9,20.0,0.1125,1.6831,0.8912657290895633,0.4163582531458179
164.85,10,20.0,0.1125,1.8958,0.8912657290895633,0.4287934863064397
165.35,6,22.0,0.1238,1.6117909090909093,0.9456328645447816,0.45829015544041446
165.35,7,23.0,0.1294,1.6875,0.9725758697261287,0.48512213175425606
165.35,8,21.0,0.1181,1.7002,0.9182087342709104,0.43708364174685416
165.35,9,21.0,0.1181,1.7970000000000002,0.9182087342709104,0.44330125832716505
165.35,10,19.0,0.1069,2.0502,0.846822723908216,0.39563286454478164
165.85,6,20.0,0.1125,1.492575,0.8912657290895633,0.4163582531458179
165.85,7,24.0,0.135,1.7410499999999998,0.9995188749074759,0.5058475203552925
165.85,8,23.0,0.1294,1.7132000000000003,0.9725758697261287,0.4914507772020725
165.85,9,21.0,0.1181,1.8785,0.9182087342709104,0.43708364174685416
165.85,10,17.0,0.0956,1.9837000000000002,0.7574555884529979,0.3538119911176906
166.35,6,19.0,0.1069,1.3551263157894737,0.846822723908216,0.39563286454478164
166.35,7,23.0,0.1294,1.7703391304347829,0.9725758697261287,0.47890451517394517
166.35,8,27.0,0.1519,1.583,1.0,0.5249814951887491
166.35,9,18.0,0.1013,1.8746999999999998,0.8023797187268691,0.3749074759437454
166.35,10,18.0,0.1012,1.9631222222222222,0.801898593634345,0.38075499629903775
166.85,6,19.0,0.1069,1.350642105263158,0.846822723908216,0.39563286454478164
166.85,7,25.0,0.1406,1.816176,1.0,0.5124352331606218
166.85,8,25.0,0.1406,1.5935,1.0,0.5
166.85,9,18.0,0.1013,1.9114999999999998,0.8023797187268691,0.3749074759437454
166.85,10,19.0,0.1069,1.9777000000000002,0.846822723908216,0.40196150999259805
167.36,6,21.0,0.1181,1.5771238095238094,0.9182087342709104,0.44951887490747594
167.36,7,25.0,0.1407,1.8594359999999996,1.0,0.5001110288675056
167.36,8,25.0,0.1406,1.5445,1.0,0.5
167.36,9,17.0,0.0956,1.9098,0.7574555884529979,0.3538119911176906
167.36,10,19.0,0.1069,1.8692,0.846822723908216,0.39563286454478164
167.86,6,20.0,0.1125,1.4866750000000002,0.8912657290895633,0.4163582531458179
167.86,7,25.0,0.1407,1.8587200000000001,1.0,0.5
167.86,8,25.0,0.1406,1.5201,1.0,0.5
167.86,9,17.0,0.0956,1.8635,0.7574555884529979,0.3538119911176906
167.86,10,20.0,0.11249999999999999,1.9442700000000002,0.8912657290895633,0.42257586972612876
168.36,6,20.0,0.11259999999999999,1.48818,0.8917468541820873,0.41683937823834194
168.36,7,26.0,0.14629999999999999,1.8939923076923078,1.0,0.5062176165803108
168.36,8,25.0,0.1406,1.5216279999999998,1.0,0.5
168.36,9,20.0,0.1125,1.8884,0.8912657290895633,0.4351221317542561
168.36,10,17.0,0.09559999999999999,1.9201882352941178,0.7574555884529978,0.35381199111769057
168.86,6,20.0,0.1125,1.6339750000000002,0.8912657290895633,0.4163582531458179
168.86,7,26.0,0.1462,1.9351038461538463,1.0,0.5
168.86,8,28.0,0.1575,1.6328214285714286,1.0,0.5187638786084382
168.86,9,17.0,0.0956,1.8512,0.7574555884529979,0.3538119911176906
169.36,6,24.0,0.135,1.6006416666666665,0.9995188749074759,0.5246113989637305
169.36,7,24.0,0.135,1.8911625,0.9995188749074759,0.4996299037749815
169.36,8,26.0,0.1462,1.5359384615384615,1.0,0.5
169.36,9,17.0,0.0956,1.8973,0.7574555884529979,0.3538119911176906
169.86,6,23.0,0.1294,1.5970217391304347,0.9725758697261287,0.47890451517394517
169.86,7,22.0,0.12380000000000001,1.8965272727272726,0.9456328645447817,0.458179126572909
169.86,8,26.0,0.1462,1.6633115384615385,1.0,0.5
169.86,9,20.0,0.1125,1.8409,0.8912657290895633,0.4351221317542561
170.36,6,23.0,0.1294,1.5689565217391304,0.9725758697261287,0.47890451517394517
170.36,7,23.0,0.12940000000000002,2.0611739130434783,0.9725758697261289,0.48512213175425617
170.36,8,26.0,0.1462,1.5677076923076925,1.0,0.5
170.36,9,21.0,0.1181,1.8965,0.9182087342709104,0.44330125832716505
170.36,10,17.0,0.0956,2.031,0.7574555884529979,0.3538119911176906
170.86,6,26.0,0.1462,1.773376923076923,1.0,0.5186528497409326
170.86,7,21.0,0.11810000000000001,2.021504761904762,0.9182087342709104,0.4370836417468542
170.86,8,27.0,0.1519,1.5283999999999998,1.0,0.5063286454478164
170.86,9,19.0,0.1069,1.8578000000000001,0.846822723908216,0.39563286454478164
170.86,10,18.0,0.1013,1.9199,0.8023797187268691,0.3812361213915618
171.36,6,24.0,0.135,1.794575,0.9995188749074759,0.4996299037749815
171.36,7,25.0,0.1406,1.9477119999999997,1.0,0.524981495188749
171.36,8,25.0,0.1406,1.6426000000000003,1.0,0.5
171.36,9,21.0,0.1181,1.9809999999999999,0.9182087342709104,0.44951887490747594
171.36,10,17.0,0.0956,2.083,0.7574555884529979,0.3538119911176906
171.86,6,22.0,0.1238,1.7822636363636364,0.9456328645447816,0.45817912657290893
171.86,7,24.0,0.135,1.9156333333333333,0.9995188749074759,0.4996299037749815
171.86,8,27.0,0.1519,1.5969,1.0,0.5125462620281274
171.86,9,20.0,0.1125,1.9169,0.8912657290895633,0.4163582531458179
171.86,10,18.0,0.1013,2.0318,0.8023797187268691,0.3812361213915618
172.36,6,22.0,0.1238,1.6263545454545456,0.9456328645447816,0.45817912657290893
172.36,7,24.0,0.135,1.7681874999999998,0.9995188749074759,0.4996299037749815
172.36,8,27.0,0.1519,1.5547,1.0,0.5
172.36,9,20.0,0.1125,1.9034,0.8912657290895633,0.4163582531458179
172.36,10,17.0,0.0956,2.0375,0.7574555884529979,0.3538119911176906
172.87,6,22.0,0.1237,1.7744909090909091,0.9451517394522576,0.4578090303478905
172.87,7,26.0,0.14629999999999999,1.5912192307692306,1.0,0.5125462620281273
172.87,8,26.0,0.1463,1.6730000000000003,1.0,0.5
172.87,9,21.0,0.1181,1.7326,0.9182087342709104,0.44330125832716505
173.37,6,23.0,0.1294,1.6058652173913044,0.9725758697261287,0.4852331606217616
173.37,7,26.0,0.14629999999999999,1.6295615384615385,1.0,0.5
173.37,8,26.0,0.1463,1.5553,1.0,0.5
173.37,9,20.0,0.1125,1.7017,0.8912657290895633,0.4163582531458179
173.87,6,25.0,0.1406,1.5853039999999998,1.0,0.5124352331606218
173.87,7,24.0,0.135,1.6579,0.9995188749074759,0.4996299037749815
173.87,8,26.0,0.1463,1.5294,1.0,0.5
173.87,9,22.0,0.1238,1.8312,0.9456328645447816,0.47072538860103624
174.37,6,26.0,0.14629999999999999,1.8091538461538461,1.0,0.5063286454478164
174.37,7,23.0,0.1294,1.5760478260869564,0.9725758697261287,0.47890451517394517
174.37,8,27.0,0.1519,1.5934,1.0,0.5062176165803108
174.37,9,21.0,0.1181,1.7510000000000001,0.9182087342709104,0.43708364174685416
174.87,6,25.0,0.1407,1.63978,1.0,0.5
174.87,7,22.0,0.12380000000000001,1.6182545454545454,0.9456328645447817,0.458179126572909
174.87,8,28.0,0.1575,1.6204,1.0,0.5062176165803108
174.87,9,20.0,0.1125,1.7414,0.8912657290895633,0.4163582531458179
175.37,6,25.0,0.1407,2.0496800000000004,1.0,0.5
175.37,7,23.0,0.1294,1.6623347826086958,0.9725758697261287,0.485122131754256
175.37,8,26.0,0.1462,1.4778769230769233,1.0,0.5
175.37,9,21.0,0.1181,1.706,0.9182087342709104,0.44330125832716505
175.87,6,22.0,0.1237,2.010531818181818,0.9451517394522576,0.4578090303478905
175.87,7,25.0,0.1407,1.6076679999999999,1.0,0.5125462620281274
175.87,8,27.0,0.1519,1.4760962962962965,1.0,0.5063286454478164
175.87,9,21.0,0.1181,1.6843,0.9182087342709104,0.43708364174685416
176.37,6,22.0,0.1238,1.6258363636363635,0.9456328645447816,0.45829015544041446
176.37,7,26.0,0.14629999999999999,1.7504384615384616,1.0,0.5062176165803108
176.37,8,26.0,0.1462,1.5978769230769232,1.0,0.5
176.37,9,21.0,0.1181,1.7358,0.9182087342709104,0.43708364174685416
176.87,6,20.0,0.11249999999999999,1.565085,0.8912657290895633,0.41635825314581787
176.87,7,26.0,0.14629999999999999,1.8212461538461537,1.0,0.5
176.87,8,26.0,0.1463,1.6736,1.0,0.5001110288675056
176.87,9,22.0,0.1238,1.7622,0.9456328645447816,0.46450777202072535
177.37,6,21.0,0.11810000000000001,1.8062285714285713,0.9182087342709104,0.4433012583271651
177.37,7,26.0,0.14629999999999999,1.739376923076923,1.0,0.5
177.37,8,28.0,0.1575,1.6821,1.0,0.5124352331606218
177.37,9,20.0,0.1125,1.7068,0.8912657290895633,0.4163582531458179
177.87,6,19.0,0.1069,1.6031052631578948,0.846822723908216,0.39563286454478164
177.87,7,29.0,0.16310000000000002,1.6664689655172416,1.0,0.5186528497409327
177.87,8,26.0,0.1463,1.7021,1.0,0.5
177.87,9,23.0,0.1294,1.7469,0.9725758697261287,0.49766839378238337
178.37,6,22.0,0.1237,1.6257090909090912,0.9451517394522576,0.4764618800888232
178.37,7,28.0,0.1576,1.7037785714285716,1.0,0.5
178.37,8,24.0,0.135,1.6627,0.9995188749074759,0.4996299037749815
178.37,9,23.0,0.1294,1.7933,0.9725758697261287,0.47890451517394517
178.87,6,22.0,0.1238,1.639390909090909,0.9456328645447816,0.45829015544041446
178.87,7,28.0,0.1576,1.628907142857143,1.0,0.5
178.87,8,25.0,0.1406,1.6421,1.0,0.5062176165803108
178.87,9,22.0,0.1238,1.8407000000000002,0.9456328645447816,0.45817912657290893
179.37,6,23.0,0.1294,2.066913043478261,0.9725758697261287,0.48512213175425606
179.37,7,27.0,0.15189999999999998,1.7906000000000002,1.0,0.5
179.37,8,26.0,0.1463,1.4766,1.0,0.5063286454478164
179.37,9,21.0,0.1181,1.7375000000000003,0.9182087342709104,0.43708364174685416
179.37,10,17.0,0.0956,2.129,0.7574555884529979,0.3538119911176906
179.87,6,24.0,0.1351,1.6887416666666668,1.0,0.5063286454478164
179.87,7,25.0,0.1406,1.584504,1.0,0.5
179.87,8,27.0,0.1519,1.4745,1.0,0.5062176165803108
179.87,9,21.0,0.1181,1.8119,0.9182087342709104,0.43708364174685416
180.38,6,22.0,0.1237,1.4933454545454545,0.9451517394522576,0.4578090303478905
180.38,7,27.0,0.1519,1.472822222222222,1.0,0.5125462620281274
180.38,8,26.0,0.1463,1.4431,1.0,0.5
180.38,9,19.0,0.1069,1.7527,0.846822723908216,0.39563286454478164
180.88,6,23.0,0.12940000000000002,1.5551521739130436,0.9725758697261289,0.4852331606217617
180.88,7,29.0,0.1632,1.3898448275862068,1.0,0.5125462620281274
180.88,8,26.0,0.1463,1.5081,1.0,0.5
180.88,9,18.0,0.1013,1.8286,0.8023797187268691,0.3749074759437454
181.38,6,23.0,0.12940000000000002,1.5755391304347826,0.9725758697261289,0.4789045151739453
181.38,7,27.0,0.1519,1.5688222222222221,1.0,0.5
181.38,8,26.0,0.1463,1.4674,1.0,0.5
181.38,9,18.0,0.1013,1.7662,0.8023797187268691,0.3749074759437454
181.88,6,21.0,0.11810000000000001,1.4290428571428573,0.9182087342709104,0.4370836417468542
181.88,7,28.0,0.1575,1.6301,1.0,0.5062176165803108
181.88,8,26.0,0.1463,1.3935,1.0,0.5
181.88,9,17.0,0.0956,1.776,0.7574555884529979,0.3538119911176906
182.38,6,23.0,0.12940000000000002,1.5777478260869564,0.9725758697261289,0.4914507772020726
182.38,7,27.0,0.1519,1.6217,1.0,0.5
182.38,8,26.0,0.1463,1.4446,1.0,0.5
182.38,9,18.0,0.1013,1.9214,0.8023797187268691,0.3812361213915618
182.38,10,18.0,0.1012,1.898711111111111,0.801898593634345,0.37453737971872686
182.88,6,20.0,0.11249999999999999,2.02577,0.8912657290895633,0.41635825314581787
182.88,7,30.0,0.1688,1.75151,1.0,0.5187638786084382
182.88,8,25.0,0.1406,1.4914,1.0,0.5
182.88,9,20.0,0.1125,1.7384999999999997,0.8912657290895633,0.4287934863064397
182.88,10,17.0,0.0956,1.9654,0.7574555884529979,0.3538119911176906
183.38,6,20.0,0.1126,1.9106999999999998,0.8917468541820874,0.41683937823834205
183.38,7,30.0,0.1688,1.79124,1.0,0.5
183.38,8,25.0,0.1406,1.4895000000000003,1.0,0.5
183.38,9,22.0,0.1238,1.8921,0.9456328645447816,0.47072538860103624
183.88,6,19.0,0.1069,1.6340736842105266,0.846822723908216,0.39563286454478164
183.88,7,28.0,0.15760000000000002,1.6998714285714287,1.0,0.5
183.88,8,26.0,0.1463,1.4564,1.0,0.5063286454478164
183.88,9,21.0,0.1181,1.7735000000000003,0.9182087342709104,0.43708364174685416
184.38,6,20.0,0.11249999999999999,1.63437,0.8912657290895633,0.42257586972612876
184.38,7,26.0,0.1463,1.6176461538461537,1.0,0.5
184.38,8,28.0,0.1575,1.5293000000000003,1.0,0.5124352331606218
184.38,9,21.0,0.1181,1.829,0.9182087342709104,0.43708364174685416
184.88,6,19.0,0.1069,1.7305473684210526,0.846822723908216,0.39563286454478164
184.88,7,28.0,0.15760000000000002,1.6847071428571427,1.0,0.5125462620281274
184.88,8,27.0,0.1519,1.4861,1.0,0.5
184.88,9,20.0,0.1125,1.7582999999999998,0.8912657290895633,0.4163582531458179
185.39,6,19.0,0.1069,1.776463157894737,0.846822723908216,0.39563286454478164
185.39,7,28.0,0.1575,1.8322285714285713,1.0,0.5
185.39,8,28.0,0.1575,1.4383,1.0,0.5062176165803108
185.39,9,21.0,0.1181,1.6765000000000003,0.9182087342709104,0.44330125832716505
185.89,6,19.0,0.1069,1.7259789473684208,0.846822723908216,0.39563286454478164
185.89,7,27.0,0.15189999999999998,1.6848851851851852,1.0,0.5
185.89,8,29.0,0.1631,1.51,1.0,0.5062176165803108
185.89,9,20.0,0.1125,1.7955999999999999,0.8912657290895633,0.4163582531458179
186.39,6,21.0,0.1182,1.8084333333333333,0.9186898593634345,0.45
186.39,7,26.0,0.14629999999999999,1.6783000000000001,1.0,0.5
186.39,8,29.0,0.1631,1.4633,1.0,0.5
186.39,9,20.0,0.1125,1.706,0.8912657290895633,0.4163582531458179
186.89,6,25.0,0.1407,1.776696,1.0,0.524981495188749
186.89,7,24.0,0.1351,1.658825,1.0,0.5
186.89,8,28.0,0.1575,1.4965999999999997,1.0,0.5
186.89,9,20.0,0.1125,1.8104,0.8912657290895633,0.4163582531458179
187.39,6,26.0,0.14629999999999999,1.7231076923076922,1.0,0.5062176165803108
187.39,7,24.0,0.1351,1.53045,1.0,0.5
187.39,8,29.0,0.1631,1.5212999999999999,1.0,0.5062176165803108
187.39,9,20.0,0.1125,1.7817,0.8912657290895633,0.4163582531458179
187.89,6,25.0,0.1406,1.7245999999999997,1.0,0.5
187.89,7,24.0,0.1351,1.6245833333333335,1.0,0.5
187.89,8,28.0,0.1575,1.5402,1.0,0.5
187.89,9,20.0,0.1125,1.7898,0.8912657290895633,0.4163582531458179
188.39,6,27.0,0.15189999999999998,1.766,1.0,0.5125462620281273
188.39,7,22.0,0.12380000000000001,1.567509090909091,0.9456328645447817,0.458179126572909
188.39,8,30.0,0.1688,1.5124,1.0,0.5125462620281274
188.39,9,19.0,0.1069,1.7366,0.846822723908216,0.39563286454478164
188.89,6,26.0,0.1462,1.8189615384615385,1.0,0.5
188.89,7,24.0,0.1351,1.5488833333333334,1.0,0.5125462620281273
188.89,8,28.0,0.1575,1.5913,1.0,0.5
188.89,9,19.0,0.1069,1.768,0.846822723908216,0.39563286454478164
189.39,6,25.0,0.1407,1.6207159999999998,1.0,0.5
189.39,7,24.0,0.1351,1.6778166666666667,1.0,0.5
189.39,8,27.0,0.1519,1.6474,1.0,0.5
189.39,9,20.0,0.1125,1.8695,0.8912657290895633,0.4225758697261288
189.89,6,25.0,0.1407,1.9714919999999998,1.0,0.5
189.89,7,23.0,0.12940000000000002,1.7065521739130436,0.9725758697261289,0.4789045151739453
189.89,8,28.0,0.1575,1.5628,1.0,0.5062176165803108
189.89,9,21.0,0.1181,1.7279999999999998,0.9182087342709104,0.44330125832716505
190.39,6,26.0,0.14629999999999999,2.020192307692308,1.0,0.5062176165803108
190.39,7,21.0,0.1182,1.603047619047619,0.9186898593634345,0.4374537379718727
190.39,8,29.0,0.1631,1.6864,1.0,0.5062176165803108
190.39,9,21.0,0.1181,1.8096,0.9182087342709104,0.43708364174685416
190.89,6,24.0,0.135,1.7829249999999999,0.9995188749074759,0.4996299037749815
190.89,7,22.0,0.12380000000000001,1.6461454545454546,0.9456328645447817,0.4643967431532199
190.89,8,30.0,0.1687,1.7818166666666666,1.0,0.5062176165803108
190.89,9,19.0,0.1069,1.7888000000000002,0.846822723908216,0.39563286454478164
191.39,6,24.0,0.135,1.7536291666666666,0.9995188749074759,0.4996299037749815
191.39,7,22.0,0.12380000000000001,1.7906636363636361,0.9456328645447817,0.458179126572909
191.39,8,30.0,0.1687,1.7090366666666668,1.0,0.5
191.39,9,19.0,0.1069,1.697,0.846822723908216,0.39563286454478164
191.9,6,23.0,0.1294,1.7125652173913042,0.9725758697261287,0.47890451517394517
191.9,7,25.0,0.1406,1.7516,1.0,0.5186528497409326
191.9,8,28.0,0.1575,1.6427285714285713,1.0,0.5
191.9,9,19.0,0.1069,1.8256,0.846822723908216,0.39563286454478164
192.4,6,21.0,0.1182,1.6831,0.9186898593634345,0.4374537379718727
192.4,7,26.0,0.1462,1.6762384615384616,1.0,0.5062176165803108
192.4,8,28.0,0.1575,1.6887428571428573,1.0,0.5
192.4,9,20.0,0.1125,1.7989000000000002,0.8912657290895633,0.4225758697261288
192.9,6,22.0,0.1238,1.8008909090909093,0.9456328645447816,0.4643967431532198
192.9,7,27.0,0.15189999999999998,1.7059333333333337,1.0,0.5063286454478164
192.9,8,27.0,0.1519,1.5719148148148148,1.0,0.5
192.9,9,20.0,0.1125,1.7767,0.8912657290895633,0.4163582531458179
193.4,6,22.0,0.1238,1.6947454545454548,0.9456328645447816,0.45817912657290893
193.4,7,28.0,0.1575,1.7995571428571429,1.0,0.506217616580311
193.4,8,25.0,0.1406,1.6743999999999999,1.0,0.5
193.4,9,20.0,0.1125,1.6990000000000003,0.8912657290895633,0.4163582531458179
193.9,6,25.0,0.1406,1.7488,1.0,0.5186528497409326
193.9,7,26.0,0.14629999999999999,1.7678615384615384,1.0,0.5
193.9,8,24.0,0.135,1.5721999999999998,0.9995188749074759,0.4996299037749815
193.9,9,21.0,0.1181,1.7448,0.9182087342709104,0.44330125832716505
194.4,6,24.0,0.135,1.7348625000000002,0.9995188749074759,0.4996299037749815
194.4,7,29.0,0.16310000000000002,1.845096551724138,1.0,0.5186528497409327
194.4,8,21.0,0.1181,1.4374,0.9182087342709104,0.43708364174685416
194.4,9,21.0,0.1181,1.7440000000000002,0.9182087342709104,0.43708364174685416
194.9,6,26.0,0.14629999999999999,1.8780115384615383,1.0,0.5125462620281273
194.9,7,29.0,0.16319999999999998,1.7769103448275863,1.0,0.5001110288675055
194.9,8,21.0,0.1181,1.607,0.9182087342709104,0.43708364174685416
194.9,9,20.0,0.1125,1.7437,0.8912657290895633,0.4163582531458179
195.4,6,24.0,0.1351,1.7375666666666667,1.0,0.5
195.4,7,30.0,0.1688,1.6730399999999999,1.0,0.506217616580311
195.4,8,21.0,0.1181,1.5299000000000003,0.9182087342709104,0.43708364174685416
195.4,9,21.0,0.1181,1.7044000000000001,0.9182087342709104,0.44330125832716505
195.9,6,27.0,0.1519,1.7540222222222221,1.0,0.5186528497409326
195.9,7,28.0,0.15749999999999997,1.6906357142857142,1.0,0.5
195.9,8,21.0,0.1181,1.5113476190476187,0.9182087342709104,0.43708364174685416
195.9,9,21.0,0.1181,1.7132,0.9182087342709104,0.43708364174685416
196.43,6,24.0,0.1351,1.8171,1.0,0.5
196.43,7,28.0,0.15749999999999997,1.6568500000000002,1.0,0.5
196.43,8,23.0,0.1294,1.590917391304348,0.9725758697261287,0.4914507772020725
196.43,9,20.0,0.1125,1.7244,0.8912657290895633,0.4163582531458179
196.93,6,24.0,0.135,1.54995,0.9995188749074759,0.4996299037749815
196.93,7,29.0,0.16310000000000002,1.5103620689655173,1.0,0.506217616580311
196.93,8,24.0,0.13499999999999998,1.6091249999999997,0.9995188749074759,0.5058475203552923
196.93,9,18.0,0.1013,1.8455000000000001,0.8023797187268691,0.3749074759437454
196.93,10,17.0,0.0956,1.7348,0.7574555884529979,0.3538119911176906
197.43,6,21.0,0.11810000000000001,1.7857857142857145,0.9182087342709104,0.4370836417468542
197.43,7,32.0,0.1801,1.49663125,1.0,0.5188749074759438
197.43,8,23.0,0.1294,1.5574478260869566,0.9725758697261287,0.47890451517394517
197.43,9,18.0,0.1013,1.6708,0.8023797187268691,0.3749074759437454
197.43,10,18.0,0.1013,1.7244,0.8023797187268691,0.3812361213915618
197.93,6,22.0,0.1238,1.6411181818181821,0.9456328645447816,0.46450777202072535
197.93,7,31.0,0.1744,1.4881032258064517,1.0,0.5
197.93,8,24.0,0.13499999999999998,1.59155,0.9995188749074759,0.5058475203552923
197.93,10,18.0,0.1013,1.8230999999999997,0.8023797187268691,0.3749074759437454
198.43,6,24.0,0.1351,1.6688833333333335,1.0,0.5125462620281274
198.43,7,30.0,0.16879999999999998,1.5156999999999998,1.0,0.5
198.43,8,23.0,0.1294,1.5224739130434783,0.9725758697261287,0.47890451517394517
198.43,10,17.0,0.0956,1.9157999999999997,0.7574555884529979,0.3538119911176906
198.93,6,22.0,0.1237,1.6134772727272726,0.9451517394522576,0.4578090303478905
198.93,7,30.0,0.1688,1.3690400000000003,1.0,0.5
198.93,8,24.0,0.13499999999999998,1.6208500000000001,0.9995188749074759,0.5058475203552923
198.93,10,20.0,0.1125,1.8592,0.8912657290895633,0.4351221317542561
199.43,6,22.0,0.12380000000000001,1.6056636363636365,0.9456328645447817,0.45829015544041457
199.43,7,32.0,0.18,1.457146875,1.0,0.5124352331606218
199.43,8,22.0,0.12380000000000001,1.6866363636363637,0.9456328645447817,0.458179126572909
199.43,9,19.0,0.1069,1.6422,0.846822723908216,0.40817912657290895
199.43,10,18.0,0.1013,1.8724999999999998,0.8023797187268691,0.3749074759437454
199.93,6,25.0,0.1407,1.545528,1.0,0.5187638786084382
199.93,7,28.0,0.1575,1.4539892857142858,1.0,0.5
199.93,8,22.0,0.12380000000000001,1.8482727272727275,0.9456328645447817,0.458179126572909
199.93,9,19.0,0.1069,1.8093,0.846822723908216,0.39563286454478164
199.93,10,18.0,0.1013,2.0314,0.8023797187268691,0.3749074759437454
200.43,6,25.0,0.1407,1.7026,1.0,0.5
200.43,7,29.0,0.1632,1.5462620689655173,1.0,0.5063286454478164
200.43,8,24.0,0.1351,1.7440166666666668,1.0,0.5125462620281273
200.43,9,18.0,0.1013,1.8367999999999998,0.8023797187268691,0.3749074759437454
200.43,10,18.0,0.1013,1.9332000000000003,0.8023797187268691,0.3749074759437454
200.93,6,25.0,0.1406,1.6440320000000002,1.0,0.5
200.93,7,29.0,0.1632,1.6148586206896551,1.0,0.5
200.93,8,24.0,0.13499999999999998,1.67785,0.9995188749074759,0.49962990377498145
200.93,9,17.0,0.0956,1.8093,0.7574555884529979,0.3538119911176906
200.93,10,18.0,0.1013,1.9493,0.8023797187268691,0.3749074759437454
201.43,6,24.0,0.135,1.5099041666666668,0.9995188749074759,0.4996299037749815
201.43,7,30.0,0.1688,1.67662,1.0,0.5062176165803108
201.43,8,24.0,0.1351,1.6786166666666664,1.0,0.5001110288675056
201.43,10,21.0,0.1181,1.8293333333333335,0.9182087342709104,0.4557364914877868
201.94,6,26.0,0.14629999999999999,1.7067230769230766,1.0,0.5125462620281273
201.94,7,30.0,0.16870000000000002,1.6239833333333331,1.0,0.5
201.94,8,23.0,0.1294,1.6347826086956523,0.9725758697261287,0.47890451517394517
201.94,10,19.0,0.1069,1.9822,0.846822723908216,0.39563286454478164
202.44,6,25.0,0.1406,1.7562080000000002,1.0,0.5
202.44,7,28.0,0.15749999999999997,1.6919321428571428,1.0,0.5
202.44,8,24.0,0.1351,1.7324000000000002,1.0,0.5063286454478164
202.44,10,20.0,0.1125,1.8453,0.8912657290895633,0.4225758697261288
202.94,6,24.0,0.135,2.062,0.9995188749074759,0.4996299037749815
202.94,7,28.0,0.15749999999999997,1.8012464285714285,1.0,0.5
202.94,8,26.0,0.1463,1.7021923076923078,1.0,0.5124352331606218
202.94,10,21.0,0.1181,1.9277142857142857,0.9182087342709104,0.44330125832716505
203.44,6,23.0,0.12940000000000002,1.6681565217391303,0.9725758697261289,0.4789045151739453
203.44,7,27.0,0.15189999999999998,1.8453444444444447,1.0,0.5
203.44,8,27.0,0.1519,1.702385185185185,1.0,0.5062176165803108
203.44,10,20.0,0.1125,1.9355,0.8912657290895633,0.4163582531458179
203.94,6,22.0,0.1238,1.6711999999999998,0.9456328645447816,0.45817912657290893
203.94,7,28.0,0.1575,1.81025,1.0,0.506217616580311
203.94,8,25.0,0.1406,1.698968,1.0,0.5
203.94,10,19.0,0.1069,1.8706736842105263,0.846822723908216,0.39563286454478164
204.44,6,22.0,0.1238,1.61825,0.9456328645447816,0.45817912657290893
204.44,7,28.0,0.1575,1.7594999999999998,1.0,0.5
204.44,8,27.0,0.1519,1.6003,1.0,0.5125462620281274
204.44,10,20.0,0.1125,1.8402,0.8912657290895633,0.4225758697261288
204.94,6,20.0,0.11249999999999999,1.6392899999999997,0.8912657290895633,0.41635825314581787
204.94,7,28.0,0.1575,1.8064392857142857,1.0,0.5
204.94,8,27.0,0.1519,1.6043,1.0,0.5
204.94,9,18.0,0.1013,1.8643,0.8023797187268691,0.3812361213915618
204.94,10,21.0,0.1181,1.8897000000000002,0.9182087342709104,0.44330125832716505
205.44,6,23.0,0.12940000000000002,1.9816347826086957,0.9725758697261289,0.4976683937823835
205.44,7,27.0,0.1519,1.8888111111111112,1.0,0.5
205.44,8,26.0,0.1463,1.5512,1.0,0.5
205.44,9,19.0,0.1069,1.9229,0.846822723908216,0.40185048112509253
205.44,10,19.0,0.1069,2.0452,0.846822723908216,0.39563286454478164
205.94,6,21.0,0.1182,1.8357809523809525,0.9186898593634345,0.4374537379718727
205.94,7,29.0,0.16319999999999998,1.8303999999999998,1.0,0.5125462620281273
205.94,8,26.0,0.1463,1.5112,1.0,0.5
205.94,9,18.0,0.1013,1.853,0.8023797187268691,0.3749074759437454
205.94,10,20.0,0.1125,1.8188,0.8912657290895633,0.4225758697261288
206.44,6,23.0,0.12940000000000002,1.8425130434782608,0.9725758697261289,0.49133974833456706
206.44,7,30.0,0.1688,1.78802,1.0,0.506217616580311
206.44,8,23.0,0.1294,1.5213000000000003,0.9725758697261287,0.47890451517394517
206.44,9,19.0,0.1069,1.8007999999999997,0.846822723908216,0.40185048112509253
206.44,10,21.0,0.1181,1.926,0.9182087342709104,0.44330125832716505
206.94,6,23.0,0.12940000000000002,1.7566043478260869,0.9725758697261289,0.4789045151739453
206.94,7,28.0,0.1576,1.820742857142857,1.0,0.5
206.94,8,24.0,0.135,1.5576999999999999,0.9995188749074759,0.5058475203552925
206.94,9,19.0,0.1069,1.9105,0.846822723908216,0.39563286454478164
206.94,10,21.0,0.1181,1.9991000000000003,0.9182087342709104,0.43708364174685416
207.45,6,25.0,0.1407,1.882628,1.0,0.5125462620281273
207.45,7,26.0,0.14629999999999999,1.6632461538461538,1.0,0.5
207.45,8,24.0,0.135,1.5427,0.9995188749074759,0.4996299037749815
207.45,9,21.0,0.1181,1.8398,0.9182087342709104,0.44951887490747594
207.45,10,17.0,0.0956,1.9617,0.7574555884529979,0.3538119911176906
207.95,6,24.0,0.135,1.6999583333333332,0.9995188749074759,0.4996299037749815
207.95,7,25.0,0.1406,1.720292,1.0,0.5
207.95,8,25.0,0.1406,1.5693840000000001,1.0,0.5062176165803108
207.95,9,20.0,0.1125,1.7881,0.8912657290895633,0.4163582531458179
207.95,10,18.0,0.1013,1.9419999999999997,0.8023797187268691,0.3812361213915618
208.45,6,26.0,0.14629999999999999,1.7315153846153846,1.0,0.5125462620281273
208.45,7,23.0,0.12940000000000002,1.6092347826086957,0.9725758697261289,0.4789045151739453
208.45,8,25.0,0.1406,1.484036,1.0,0.5
208.45,9,21.0,0.1181,1.7898999999999998,0.9182087342709104,0.44330125832716505
208.45,10,18.0,0.1013,2.0675,0.8023797187268691,0.3749074759437454
208.95,6,26.0,0.14629999999999999,1.6445961538461538,1.0,0.5
208.95,7,23.0,0.1294,1.6852478260869566,0.9725758697261287,0.47890451517394517
208.95,8,24.0,0.13499999999999998,1.568183333333333,0.9995188749074759,0.49962990377498145
208.95,9,21.0,0.1181,1.7390000000000003,0.9182087342709104,0.43708364174685416
208.95,10,18.0,0.1013,1.9022999999999999,0.8023797187268691,0.3749074759437454
209.45,6,25.0,0.1407,1.8480599999999998,1.0,0.5
209.45,7,23.0,0.1294,1.7149173913043476,0.9725758697261287,0.47890451517394517
209.45,8,25.0,0.1407,1.5559479999999999,1.0,0.5063286454478164
209.45,9,21.0,0.1181,1.6783999999999997,0.9182087342709104,0.43708364174685416
209.45,10,18.0,0.1012,1.9006944444444447,0.801898593634345,0.37453737971872686
209.95,6,25.0,0.1407,1.8212799999999998,1.0,0.5
209.95,7,21.0,0.1182,1.7103809523809523,0.9186898593634345,0.4374537379718727
209.95,8,26.0,0.1463,1.5968384615384617,1.0,0.506217616580311
209.95,9,21.0,0.1181,1.7268,0.9182087342709104,0.43708364174685416
209.95,10,17.0,0.0956,1.9016,0.7574555884529979,0.3538119911176906
210.45,6,24.0,0.135,1.5688791666666664,0.9995188749074759,0.4996299037749815
210.45,7,21.0,0.1181,1.693547619047619,0.9182087342709104,0.43708364174685416
210.45,8,25.0,0.1407,1.5291,1.0,0.5
210.45,9,22.0,0.1238,1.7321999999999997,0.9456328645447816,0.46450777202072535
210.45,10,17.0,0.0956,1.9229000000000003,0.7574555884529979,0.3538119911176906
210.96,6,25.0,0.1406,1.619516,1.0,0.5062176165803108
210.96,7,22.0,0.12369999999999999,1.6331090909090908,0.9451517394522576,0.46402664692820134
210.96,8,26.0,0.1463,1.5845153846153848,1.0,0.506217616580311
210.96,9,21.0,0.1181,1.7068,0.9182087342709104,0.43708364174685416
210.96,10,17.0,0.0956,1.9346000000000003,0.7574555884529979,0.3538119911176906
211.46,6,26.0,0.1462,1.6404,1.0,0.5062176165803108
211.46,7,22.0,0.12369999999999999,1.594877272727273,0.9451517394522576,0.45780903034789044
211.46,8,25.0,0.1407,1.5835759999999999,1.0,0.5
211.46,9,23.0,0.1294,1.6212,0.9725758697261287,0.4914507772020725
211.46,10,17.0,0.0956,1.8983000000000003,0.7574555884529979,0.3538119911176906
211.96,6,27.0,0.1519,1.7325999999999997,1.0,0.5063286454478164
211.96,7,24.0,0.135,1.6893999999999998,0.9995188749074759,0.5121761658031089
211.96,8,23.0,0.1294,1.4596999999999998,0.9725758697261287,0.47890451517394517
211.96,9,24.0,0.135,1.785,0.9995188749074759,0.5058475203552925
212.46,6,27.0,0.1519,1.9248,1.0,0.5
212.46,7,24.0,0.1351,1.558283333333333,1.0,0.5001110288675056
212.46,8,24.0,0.135,1.5066999999999997,0.9995188749074759,0.5058475203552925
212.46,9,22.0,0.1238,1.6778,0.9456328645447816,0.45817912657290893
212.96,6,24.0,0.135,1.7893,0.9995188749074759,0.4996299037749815
212.96,7,24.0,0.135,1.7176124999999998,0.9995188749074759,0.4996299037749815
212.96,8,24.0,0.135,1.5170000000000001,0.9995188749074759,0.4996299037749815
212.96,9,24.0,0.135,1.7794999999999999,0.9995188749074759,0.5120651369356033
213.46,6,24.0,0.135,1.5672875,0.9995188749074759,0.4996299037749815
213.46,7,22.0,0.1238,1.8276590909090908,0.9456328645447816,0.45817912657290893
213.46,8,25.0,0.1406,1.4471,1.0,0.5062176165803108
213.46,9,24.0,0.135,1.7459999999999998,0.9995188749074759,0.4996299037749815
213.96,6,25.0,0.1407,1.6404879999999997,1.0,0.5063286454478164
213.96,7,23.0,0.12940000000000002,1.7386608695652175,0.9725758697261289,0.48512213175425617
213.96,8,25.0,0.1406,1.3897,1.0,0.5
213.96,9,23.0,0.1294,1.6619,0.9725758697261287,0.47890451517394517
214.46,6,22.0,0.1238,1.65055,0.9456328645447816,0.45817912657290893
214.46,7,24.0,0.135,1.6457125,0.9995188749074759,0.5058475203552923
214.46,8,24.0,0.135,1.3503,0.9995188749074759,0.4996299037749815
214.46,9,22.0,0.1238,1.7653,0.9456328645447816,0.45817912657290893
214.96,6,22.0,0.1238,1.5308545454545455,0.9456328645447816,0.45817912657290893
214.96,7,25.0,0.1407,1.8476479999999997,1.0,0.5063286454478164
214.96,8,24.0,0.135,1.2345,0.9995188749074759,0.5172645191595969
214.96,9,22.0,0.1238,1.7488,0.9456328645447816,0.45817912657290893
215.47,6,24.0,0.135,1.5710749999999998,0.9995188749074759,0.5120651369356033
215.47,7,24.0,0.1351,1.7416166666666666,1.0,0.5
215.47,8,24.0,0.135,1.2631,0.9995188749074759,0.5095645191595969
215.47,9,22.0,0.1238,1.7677,0.9456328645447816,0.45817912657290893
215.97,6,23.0,0.12940000000000002,1.5338608695652176,0.9725758697261289,0.4789045151739453
215.97,7,25.0,0.1407,1.62106,1.0,0.5062176165803108
215.97,8,23.0,0.1294,1.3274,0.9725758697261287,0.47890451517394517
215.97,9,23.0,0.1294,1.6623999999999999,0.9725758697261287,0.48512213175425606
216.47,6,24.0,0.135,1.4322666666666668,0.9995188749074759,0.5058475203552923
216.47,7,23.0,0.1294,1.5612608695652173,0.9725758697261287,0.47890451517394517
216.47,8,26.0,0.1463,1.4328,1.0,0.5187638786084382
216.47,9,21.0,0.1181,1.6879000000000002,0.9182087342709104,0.43708364174685416
216.97,6,24.0,0.135,1.5933125,0.9995188749074759,0.4996299037749815
216.97,7,24.0,0.1351,1.475625,1.0,0.5063286454478164
216.97,8,25.0,0.1406,1.4888,1.0,0.5
216.97,9,21.0,0.1181,1.7433000000000003,0.9182087342709104,0.43708364174685416
217.47,6,26.0,0.14629999999999999,1.508607692307692,1.0,0.5125462620281273
217.47,7,23.0,0.1294,1.4302782608695652,0.9725758697261287,0.47890451517394517
217.47,8,24.0,0.135,1.5538,0.9995188749074759,0.4996299037749815
217.47,9,22.0,0.1238,1.7663000000000002,0.9456328645447816,0.46450777202072535
217.97,6,29.0,0.1632,1.517196551724138,1.0,0.5187638786084382
217.97,7,20.0,0.11249999999999999,1.52747,0.8912657290895633,0.41635825314581787
217.97,8,26.0,0.1463,1.6186000000000003,1.0,0.5125462620281274
217.97,9,20.0,0.1125,1.6618,0.8912657290895633,0.4163582531458179
218.47,6,29.0,0.1632,1.7432931034482757,1.0,0.5
218.47,7,21.0,0.1181,1.5656333333333332,0.9182087342709104,0.44330125832716505
218.47,8,25.0,0.1406,1.6057,1.0,0.5
218.47,9,22.0,0.1238,1.7091,0.9456328645447816,0.47072538860103624
218.97,6,28.0,0.1575,1.5572357142857143,1.0,0.5
218.97,7,22.0,0.1238,1.6264,0.9456328645447816,0.46450777202072535
218.97,8,25.0,0.1406,1.4804,1.0,0.5
218.97,9,22.0,0.1238,1.5805,0.9456328645447816,0.45817912657290893
218.97,10,17.0,0.0956,1.9187999999999998,0.7574555884529979,0.3538119911176906
219.47,6,28.0,0.15760000000000002,1.6591214285714284,1.0,0.5001110288675056
219.47,7,21.0,0.1181,1.5914999999999997,0.9182087342709104,0.43708364174685416
219.47,8,25.0,0.1406,1.5314,1.0,0.5
219.47,9,23.0,0.1294,1.7695,0.9725758697261287,0.48512213175425606
219.47,10,17.0,0.0956,2.0162,0.7574555884529979,0.3538119911176906
219.97,6,27.0,0.1519,1.5944444444444443,1.0,0.5
219.97,7,22.0,0.1238,1.5955,0.9456328645447816,0.46450777202072535
219.97,8,25.0,0.1406,1.651,1.0,0.5
219.97,9,23.0,0.1294,1.8257,0.9725758697261287,0.47890451517394517
219.97,10,17.0,0.0956,1.8833000000000002,0.7574555884529979,0.3538119911176906
220.47,6,24.0,0.135,1.61465,0.9995188749074759,0.4996299037749815
220.47,7,25.0,0.1406,1.56486,1.0,0.5186528497409326
220.47,8,26.0,0.1463,1.5284,1.0,0.5063286454478164
220.47,9,21.0,0.1181,1.7342,0.9182087342709104,0.43708364174685416
220.47,10,20.0,0.11249999999999999,1.768425,0.8912657290895633,0.43512213175425607
220.97,6,22.0,0.12380000000000001,1.7022,0.9456328645447817,0.458179126572909
220.97,7,28.0,0.1575,1.545925,1.0,0.5187638786084382
220.97,8,23.0,0.1294,1.6427,0.9725758697261287,0.47890451517394517
220.97,9,22.0,0.1238,1.6155,0.9456328645447816,0.46450777202072535
220.97,10,19.0,0.1069,1.902078947368421,0.846822723908216,0.39563286454478164
221.47,6,21.0,0.1181,1.6384857142857143,0.9182087342709104,0.43708364174685416
221.47,7,28.0,0.1575,1.625967857142857,1.0,0.5
221.47,8,24.0,0.135,1.6025,0.9995188749074759,0.5058475203552925
221.47,9,22.0,0.1238,1.6132999999999997,0.9456328645447816,0.45817912657290893
221.47,10,19.0,0.1069,1.8132000000000001,0.846822723908216,0.39563286454478164
221.97,6,25.0,0.1407,1.71108,1.0,0.5250925240562546
221.97,7,24.0,0.135,1.6115000000000002,0.9995188749074759,0.4996299037749815
221.97,8,26.0,0.1463,1.5029,1.0,0.5125462620281274
221.97,9,21.0,0.1181,1.6385,0.9182087342709104,0.43708364174685416
221.97,10,19.0,0.1069,1.8924000000000003,0.846822723908216,0.39563286454478164
222.48,6,23.0,0.12940000000000002,1.6969652173913043,0.9725758697261289,0.4789045151739453
222.48,7,26.0,0.1463,1.5493,1.0,0.5125462620281274
222.48,8,25.0,0.1406,1.622,1.0,0.5
222.48,9,21.0,0.1181,1.627,0.9182087342709104,0.43708364174685416
222.48,10,18.0,0.1013,1.9478,0.8023797187268691,0.3749074759437454
222.98,6,22.0,0.1238,1.7628545454545452,0.9456328645447816,0.45817912657290893
222.98,7,27.0,0.1519,1.6077,1.0,0.5062176165803108
222.98,8,25.0,0.1406,1.5915519999999999,1.0,0.5
222.98,9,20.0,0.1125,1.6268999999999998,0.8912657290895633,0.4163582531458179
222.98,10,19.0,0.1069,1.9384,0.846822723908216,0.40185048112509253
223.48,6,22.0,0.1237,1.7723409090909092,0.9451517394522576,0.4578090303478905
223.48,7,29.0,0.1631,1.6612,1.0,0.5124352331606218
223.48,8,27.0,0.1519,1.5893000000000002,1.0,0.5125462620281274
223.48,9,17.0,0.0956,1.6793,0.7574555884529979,0.3538119911176906
223.48,10,20.0,0.1125,1.8558,0.8912657290895633,0.4225758697261288
223.98,6,22.0,0.1238,1.8199727272727273,0.9456328645447816,0.45829015544041446
223.98,7,29.0,0.1631,1.7412,1.0,0.5
223.98,8,26.0,0.1462,1.6122807692307695,1.0,0.5
223.98,9,19.0,0.1069,1.6954,0.846822723908216,0.40817912657290895
223.98,10,19.0,0.1069,1.9572999999999998,0.846822723908216,0.39563286454478164
224.48,6,21.0,0.1182,1.7063666666666666,0.9186898593634345,0.4374537379718727
224.48,7,29.0,0.1631,1.7705793103448277,1.0,0.5
224.48,8,26.0,0.1462,1.567176923076923,1.0,0.5
224.48,9,20.0,0.1125,1.7257000000000002,0.8912657290895633,0.4225758697261288
224.48,10,17.0,0.0956,2.0647,0.7574555884529979,0.3538119911176906
224.98,6,21.0,0.1181,2.147985714285714,0.9182087342709104,0.43708364174685416
224.98,7,28.0,0.15760000000000002,1.6367571428571428,1.0,0.5
224.98,8,25.0,0.1406,1.596976,1.0,0.5
224.98,9,20.0,0.1125,1.6887,0.8912657290895633,0.4163582531458179
224.98,10,19.0,0.1069,1.9408999999999998,0.846822723908216,0.40817912657290895
225.48,6,19.0,0.1069,2.1201947368421052,0.846822723908216,0.39563286454478164
225.48,7,31.0,0.1744,1.7422967741935482,1.0,0.5186528497409326
225.48,8,23.0,0.1294,1.4633,0.9725758697261287,0.47890451517394517
225.48,9,21.0,0.1181,1.7321,0.9182087342709104,0.44330125832716505
225.48,10,20.0,0.11249999999999999,1.95624,0.8912657290895633,0.42257586972612876
225.98,6,18.0,0.1012,1.7742888888888888,0.801898593634345,0.37453737971872686
225.98,7,30.0,0.1688,1.7516500000000002,1.0,0.5
225.98,8,25.0,0.1406,1.4823999999999997,1.0,0.5124352331606218
225.98,9,20.0,0.1125,1.7178999999999998,0.8912657290895633,0.4163582531458179
225.98,10,20.0,0.11249999999999999,1.893065,0.8912657290895633,0.41635825314581787
226.48,6,17.0,0.0957,1.9950999999999999,0.7579367135455217,0.35418208734270906
226.48,7,30.0,0.1688,1.8932533333333332,1.0,0.5
226.48,8,26.0,0.1463,1.5786,1.0,0.5063286454478164
226.48,9,22.0,0.1238,1.8042,0.9456328645447816,0.47072538860103624
226.98,6,18.0,0.1013,1.8849666666666667,0.8023797187268691,0.3811250925240563
226.98,7,31.0,0.1744,1.7970064516129032,1.0,0.5062176165803108
226.98,8,24.0,0.13499999999999998,1.5851374999999999,0.9995188749074759,0.49962990377498145
226.98,9,21.0,0.1181,1.6503,0.9182087342709104,0.43708364174685416
227.48,6,17.0,0.0956,1.921735294117647,0.7574555884529979,0.3538119911176906
227.48,7,32.0,0.1801,1.7635750000000001,1.0,0.5063286454478164
227.48,8,24.0,0.13499999999999998,1.5918583333333334,0.9995188749074759,0.49962990377498145
227.48,9,22.0,0.1238,1.6997,0.9456328645447816,0.46450777202072535
227.99,6,18.0,0.1013,1.9276055555555556,0.8023797187268691,0.3812361213915618
227.99,7,33.0,0.1856,1.6960242424242424,1.0,0.5061065877128053
227.99,8,23.0,0.1294,1.5870347826086957,0.9725758697261287,0.47890451517394517
227.99,9,22.0,0.1238,1.8003,0.9456328645447816,0.45817912657290893
227.99,10,18.0,0.1013,2.0075,0.8023797187268691,0.3749074759437454
228.49,6,21.0,0.11810000000000001,1.8941428571428571,0.9182087342709104,0.4557364914877869
228.49,7,29.0,0.1632,1.7459103448275861,1.0,0.5
228.49,8,27.0,0.1519,1.5897444444444444,1.0,0.5249814951887491
228.49,9,20.0,0.1125,1.7853999999999999,0.8912657290895633,0.4163582531458179
228.49,10,18.0,0.1013,1.8755999999999997,0.8023797187268691,0.3749074759437454
228.99,6,22.0,0.1237,1.7914136363636366,0.9451517394522576,0.4640266469282014
228.99,7,27.0,0.1519,1.6532666666666669,1.0,0.5
228.99,8,28.0,0.1575,1.5014392857142855,1.0,0.5062176165803108
228.99,9,22.0,0.1238,1.7263,0.9456328645447816,0.47072538860103624
228.99,10,17.0,0.09559999999999999,1.7598117647058822,0.7574555884529978,0.35381199111769057
229.49,6,22.0,0.1237,1.8193636363636363,0.9451517394522576,0.4578090303478905
229.49,7,28.0,0.1575,1.7251999999999998,1.0,0.5062176165803108
229.49,8,27.0,0.1519,1.4576592592592592,1.0,0.5
229.49,9,21.0,0.1181,1.6779,0.9182087342709104,0.43708364174685416
229.49,10,19.0,0.1069,1.7854,0.846822723908216,0.40817912657290895
229.99,6,22.0,0.1238,1.6946363636363637,0.9456328645447816,0.45829015544041446
229.99,7,27.0,0.15189999999999998,1.7053444444444443,1.0,0.5
229.99,8,28.0,0.1575,1.482853571428571,1.0,0.5062176165803108
229.99,9,20.0,0.1125,1.8296,0.8912657290895633,0.4163582531458179
229.99,10,19.0,0.1069,2.0585,0.846822723908216,0.39563286454478164
230.49,6,23.0,0.1294,1.8039130434782606,0.9725758697261287,0.48512213175425606
230.49,7,27.0,0.15189999999999998,1.7692666666666665,1.0,0.5
230.49,8,28.0,0.1575,1.6347,1.0,0.5
230.49,9,21.0,0.1181,1.7591000000000003,0.9182087342709104,0.44330125832716505
230.49,10,18.0,0.1012,1.894838888888889,0.801898593634345,0.37453737971872686
230.99,6,23.0,0.1294,1.7562086956521739,0.9725758697261287,0.47890451517394517
230.99,7,27.0,0.15189999999999998,1.6754074074074075,1.0,0.5
230.99,8,27.0,0.1519,1.4673999999999998,1.0,0.5
230.99,9,21.0,0.1181,1.6669999999999998,0.9182087342709104,0.43708364174685416
230.99,10,19.0,0.1069,1.8781,0.846822723908216,0.40196150999259805
231.49,6,23.0,0.1294,1.6866869565217393,0.9725758697261287,0.47890451517394517
231.49,7,26.0,0.14629999999999999,1.699330769230769,1.0,0.5
231.49,8,27.0,0.1519,1.3376,1.0,0.5
231.49,9,21.0,0.1181,1.7385,0.9182087342709104,0.43708364174685416
231.49,10,18.0,0.1013,2.0146,0.8023797187268691,0.3749074759437454
231.99,6,24.0,0.135,1.7096,0.9995188749074759,0.5058475203552925
231.99,7,25.0,0.1406,1.712568,1.0,0.5
231.99,8,25.0,0.1406,1.3557,1.0,0.5
231.99,9,22.0,0.1238,1.6339,0.9456328645447816,0.46450777202072535
231.99,10,20.0,0.1125,1.8242,0.8912657290895633,0.4287934863064397
232.49,6,25.0,0.1407,1.7019,1.0,0.5063286454478164
232.49,7,24.0,0.135,1.7790125000000003,0.9995188749074759,0.4996299037749815
232.49,8,27.0,0.1519,1.305,1.0,0.5125462620281274
232.49,9,21.0,0.1181,1.7368,0.9182087342709104,0.43708364174685416
232.49,10,21.0,0.1181,1.9046,0.9182087342709104,0.44330125832716505
232.99,6,26.0,0.14629999999999999,1.6263076923076922,1.0,0.5062176165803108
232.99,7,22.0,0.1238,1.6849363636363635,0.9456328645447816,0.45817912657290893
232.99,8,28.0,0.1575,1.2685,1.0,0.5146983858110801
232.99,9,21.0,0.1181,1.7819999999999998,0.9182087342709104,0.43708364174685416
232.99,10,19.0,0.1069,1.9882999999999997,0.846822723908216,0.39563286454478164
233.49,6,25.0,0.1406,1.668668,1.0,0.5
233.49,7,21.0,0.11810000000000001,1.700404761904762,0.9182087342709104,0.4370836417468542
233.49,8,28.0,0.1575,1.2667,1.0,0.5089653846153847
233.49,9,21.0,0.1181,1.6895,0.9182087342709104,0.43708364174685416
233.49,10,21.0,0.1181,1.9413999999999998,0.9182087342709104,0.44951887490747594
233.99,6,26.0,0.1462,1.7165346153846153,1.0,0.5062176165803108
233.99,7,20.0,0.11249999999999999,1.78676,0.8912657290895633,0.41635825314581787
233.99,8,28.0,0.1575,1.3667,1.0,0.5
233.99,9,24.0,0.135,1.7858,0.9995188749074759,0.5183937823834197
233.99,10,19.0,0.1069,1.9786999999999997,0.846822723908216,0.39563286454478164
234.49,6,26.0,0.1462,1.7422384615384614,1.0,0.5
234.49,7,22.0,0.1237,1.7648045454545453,0.9451517394522576,0.4702442635085123
234.49,8,28.0,0.1575,1.4843,1.0,0.5
234.49,9,24.0,0.135,1.7332,0.9995188749074759,0.4996299037749815
234.49,10,19.0,0.1069,1.9142,0.846822723908216,0.39563286454478164
235.0,6,26.0,0.14629999999999999,1.6638576923076924,1.0,0.5001110288675056
235.0,7,23.0,0.12940000000000002,1.7855347826086958,0.9725758697261289,0.4852331606217617
235.0,8,28.0,0.1575,1.639,1.0,0.5
235.0,9,22.0,0.1238,1.69,0.9456328645447816,0.45817912657290893
235.0,10,19.0,0.1069,1.9063,0.846822723908216,0.39563286454478164
235.5,6,25.0,0.1407,1.6028120000000001,1.0,0.5
235.5,7,23.0,0.1294,1.6980956521739132,0.9725758697261287,0.47890451517394517
235.5,8,27.0,0.1519,1.7718740740740742,1.0,0.5
235.5,9,23.0,0.1294,1.642,0.9725758697261287,0.48512213175425606
235.5,10,20.0,0.1125,1.8344,0.8912657290895633,0.4225758697261288
236.0,6,24.0,0.135,1.6908375,0.9995188749074759,0.4996299037749815
236.0,7,21.0,0.1182,1.4953857142857143,0.9186898593634345,0.4374537379718727
236.0,8,29.0,0.1632,1.729858620689655,1.0,0.5125462620281274
236.0,9,22.0,0.1238,1.7690999999999997,0.9456328645447816,0.45817912657290893
236.0,10,20.0,0.11249999999999999,1.89449,0.8912657290895633,0.41635825314581787
236.5,6,25.0,0.1407,1.530392,1.0,0.5063286454478164
236.5,7,22.0,0.1238,1.6665227272727272,0.9456328645447816,0.4643967431532198
236.5,8,26.0,0.1463,1.7229307692307692,1.0,0.5
236.5,9,24.0,0.135,1.572,0.9995188749074759,0.5120651369356033
236.5,10,20.0,0.1125,2.0088,0.8912657290895633,0.4163582531458179
237.0,6,25.0,0.1407,1.5660399999999999,1.0,0.5
237.0,7,22.0,0.1238,1.549877272727273,0.9456328645447816,0.45817912657290893
237.0,8,29.0,0.1632,1.6373379310344827,1.0,0.5187638786084382
237.0,9,23.0,0.1294,1.6403,0.9725758697261287,0.47890451517394517
237.0,10,19.0,0.1069,1.8676000000000001,0.846822723908216,0.39563286454478164
237.5,6,27.0,0.1519,1.626714814814815,1.0,0.5124352331606218
237.5,7,22.0,0.1238,1.5933636363636365,0.9456328645447816,0.45817912657290893
237.5,8,27.0,0.1519,1.502837037037037,1.0,0.5
237.5,9,24.0,0.135,1.7572,0.9995188749074759,0.5058475203552925
237.5,10,19.0,0.1069,1.9571999999999998,0.846822723908216,0.39563286454478164
238.0,6,29.0,0.1632,1.6567896551724137,1.0,0.5125462620281274
238.0,7,21.0,0.1181,1.835942857142857,0.9182087342709104,0.43708364174685416
238.0,8,27.0,0.1519,1.7485925925925925,1.0,0.5
238.0,9,24.0,0.135,1.885,0.9995188749074759,0.4996299037749815
238.0,10,20.0,0.11249999999999999,1.9349599999999998,0.8912657290895633,0.42257586972612876
238.5,6,28.0,0.1575,1.688767857142857,1.0,0.5
238.5,7,22.0,0.1237,1.731731818181818,0.9451517394522576,0.4640266469282014
238.5,8,27.0,0.1519,1.7896814814814814,1.0,0.5
238.5,9,25.0,0.1406,1.8399,1.0,0.5062176165803108
238.5,10,18.0,0.1013,2.0106,0.8023797187268691,0.3749074759437454
239.03,6,28.0,0.1575,1.7470571428571426,1.0,0.5
239.03,7,24.0,0.135,1.7791333333333332,0.9995188749074759,0.5121761658031089
239.03,8,27.0,0.1519,1.7619814814814814,1.0,0.5
239.03,9,22.0,0.1238,1.7509,0.9456328645447816,0.45817912657290893
239.03,10,20.0,0.1125,1.7917,0.8912657290895633,0.4287934863064397
239.53,6,31.0,0.1744,1.7034806451612905,1.0,0.5187638786084382
239.53,7,22.0,0.1237,1.737631818181818,0.9451517394522576,0.4578090303478905
239.53,8,29.0,0.1631,1.7089896551724137,1.0,0.5124352331606218
239.53,9,21.0,0.1181,1.8252,0.9182087342709104,0.43708364174685416
239.53,10,20.0,0.11249999999999999,1.920045,0.8912657290895633,0.41635825314581787
240.03,6,28.0,0.1576,1.6215500000000003,1.0,0.5
240.03,7,24.0,0.1351,1.763275,1.0,0.5126572908956328
240.03,8,27.0,0.1519,1.6305666666666667,1.0,0.5
240.03,9,23.0,0.1294,1.7879000000000003,0.9725758697261287,0.4914507772020725
240.03,10,19.0,0.1069,2.0163,0.846822723908216,0.39563286454478164
240.53,6,27.0,0.15189999999999998,1.7580481481481482,1.0,0.5
240.53,7,23.0,0.12940000000000002,1.7975565217391305,0.9725758697261289,0.4789045151739453
240.53,8,27.0,0.1519,1.5693703703703705,1.0,0.5
240.53,9,23.0,0.1294,1.8392,0.9725758697261287,0.47890451517394517
240.53,10,20.0,0.1125,1.8555,0.8912657290895633,0.4225758697261288
241.03,6,27.0,0.1519,1.8061000000000003,1.0,0.5
241.03,7,26.0,0.1462,1.771273076923077,1.0,0.5186528497409326
241.03,8,27.0,0.1519,1.562940740740741,1.0,0.5
241.03,9,23.0,0.1294,1.7767,0.9725758697261287,0.47890451517394517
241.03,10,18.0,0.1013,1.8729000000000002,0.8023797187268691,0.3749074759437454
241.53,6,24.0,0.1351,1.7639500000000001,1.0,0.5
241.53,7,26.0,0.1462,1.7397384615384615,1.0,0.5
241.53,8,29.0,0.1631,1.6350413793103449,1.0,0.5124352331606218
241.53,9,22.0,0.1238,1.7567,0.9456328645447816,0.45817912657290893
241.53,10,20.0,0.11249999999999999,1.8544,0.8912657290895633,0.4287934863064396
242.03,6,25.0,0.1407,1.867276,1.0,0.5062176165803108
242.03,7,25.0,0.1407,1.7096159999999998,1.0,0.5
242.03,8,29.0,0.1631,1.6017620689655172,1.0,0.5
242.03,9,22.0,0.1238,1.7109,0.9456328645447816,0.45817912657290893
242.03,10,19.0,0.1069,1.9558000000000002,0.846822723908216,0.39563286454478164
242.53,6,25.0,0.1407,1.9029559999999999,1.0,0.5
242.53,7,25.0,0.1406,1.6968399999999997,1.0,0.5
242.53,8,30.0,0.1687,1.50893,1.0,0.5062176165803108
242.53,9,22.0,0.1238,1.7572,0.9456328645447816,0.45817912657290893
242.53,10,18.0,0.1013,1.8493,0.8023797187268691,0.3749074759437454
243.04,6,25.0,0.1407,1.947876,1.0,0.5
243.04,7,24.0,0.135,1.6348500000000001,0.9995188749074759,0.4996299037749815
243.04,8,30.0,0.1687,1.51973,1.0,0.5
243.04,9,22.0,0.1238,1.7062,0.9456328645447816,0.45817912657290893
243.04,10,18.0,0.1012,1.9169388888888887,0.801898593634345,0.37453737971872686
243.54,6,23.0,0.12940000000000002,1.6353913043478259,0.9725758697261289,0.4789045151739453
243.54,7,25.0,0.1406,1.7359,1.0,0.5062176165803108
243.54,8,31.0,0.1744,1.576583870967742,1.0,0.5063286454478164
243.54,9,21.0,0.1181,1.7782,0.9182087342709104,0.43708364174685416
243.54,10,18.0,0.1012,1.9741833333333334,0.801898593634345,0.37453737971872686
244.04,6,25.0,0.1407,1.674384,1.0,0.5125462620281273
244.04,7,23.0,0.1294,1.6891565217391304,0.9725758697261287,0.47890451517394517
244.04,8,30.0,0.1688,1.5108,1.0,0.5
244.04,9,21.0,0.1181,1.7636,0.9182087342709104,0.43708364174685416
244.04,10,19.0,0.1069,1.8599000000000003,0.846822723908216,0.40196150999259805
244.54,6,24.0,0.135,1.9782708333333332,0.9995188749074759,0.4996299037749815
244.54,7,24.0,0.135,1.635775,0.9995188749074759,0.5058475203552925
244.54,8,30.0,0.1687,1.49298,1.0,0.5
244.54,9,21.0,0.1181,1.7796,0.9182087342709104,0.43708364174685416
244.54,10,19.0,0.1069,1.8248,0.846822723908216,0.39563286454478164
245.04,6,23.0,0.12940000000000002,1.6216,0.9725758697261289,0.4789045151739453
245.04,7,25.0,0.1406,1.492576,1.0,0.5062176165803108
245.04,8,30.0,0.1687,1.55388,1.0,0.5
245.04,9,21.0,0.1181,1.7275000000000003,0.9182087342709104,0.43708364174685416
245.04,10,18.0,0.1012,1.818811111111111,0.801898593634345,0.37453737971872686
245.54,6,22.0,0.1238,1.7015500000000001,0.9456328645447816,0.45817912657290893
245.54,7,24.0,0.135,1.43715,0.9995188749074759,0.4996299037749815
245.54,8,30.0,0.1687,1.53436,1.0,0.5
245.54,9,21.0,0.1181,1.8612,0.9182087342709104,0.43708364174685416
245.54,10,18.0,0.1013,1.9543,0.8023797187268691,0.375018504811251
246.04,5,18.0,0.1013,2.3723111111111113,0.8023797187268691,0.3749074759437454
246.04,6,22.0,0.12380000000000001,1.9574545454545456,0.9456328645447817,0.458179126572909
246.04,7,23.0,0.1294,1.4043652173913042,0.9725758697261287,0.47890451517394517
246.04,8,30.0,0.1687,1.5207366666666668,1.0,0.5
246.04,9,21.0,0.1181,1.8527,0.9182087342709104,0.43708364174685416
246.04,10,20.0,0.1125,1.8596,0.8912657290895633,0.4287934863064397
246.54,5,18.0,0.1013,2.5649,0.8023797187268691,0.3749074759437454
246.54,6,21.0,0.1182,1.7540619047619046,0.9186898593634345,0.4374537379718727
246.54,7,24.0,0.1351,1.546425,1.0,0.5063286454478164
246.54,8,30.0,0.1688,1.5041000000000002,1.0,0.5001110288675056
246.54,9,22.0,0.1238,1.8542,0.9456328645447816,0.46450777202072535
246.54,10,19.0,0.1069,1.9208000000000003,0.846822723908216,0.39563286454478164
247.04,5,18.0,0.1013,2.544,0.8023797187268691,0.3749074759437454
247.04,6,21.0,0.1182,1.7852857142857144,0.9186898593634345,0.4374537379718727
247.04,7,26.0,0.14629999999999999,1.6543961538461538,1.0,0.5124352331606218
247.04,8,27.0,0.1519,1.5580814814814816,1.0,0.5
247.04,9,24.0,0.135,1.8988000000000003,0.9995188749074759,0.5120651369356033
247.04,10,17.0,0.0956,2.1937,0.7574555884529979,0.3538119911176906
247.54,5,17.0,0.0957,2.306235294117647,0.7579367135455217,0.35418208734270906
247.54,6,20.0,0.1125,2.0716,0.8912657290895633,0.4163582531458179
247.54,7,26.0,0.14629999999999999,1.5405153846153847,1.0,0.5
247.54,8,28.0,0.1575,1.6856142857142855,1.0,0.5062176165803108
247.54,9,23.0,0.1294,1.815,0.9725758697261287,0.47890451517394517
247.54,10,18.0,0.1013,1.9746,0.8023797187268691,0.3812361213915618
248.04,5,17.0,0.09559999999999999,2.968,0.7574555884529978,0.35381199111769057
248.04,6,18.0,0.1013,1.5356444444444444,0.8023797187268691,0.3749074759437454
248.04,7,29.0,0.16310000000000002,1.6228137931034483,1.0,0.5186528497409327
248.04,8,26.0,0.14629999999999999,1.7312115384615383,1.0,0.5
248.04,9,23.0,0.1294,1.8399,0.9725758697261287,0.47890451517394517
248.04,10,20.0,0.1125,1.9906,0.8912657290895633,0.4287934863064397
248.54,5,17.0,0.09559999999999999,2.5850411764705883,0.7574555884529978,0.35381199111769057
248.54,6,17.0,0.09570000000000001,1.3763411764705882,0.7579367135455218,0.3541820873427091
248.54,7,29.0,0.16319999999999998,1.6311758620689654,1.0,0.5001110288675055
248.54,8,27.0,0.1519,1.6545000000000003,1.0,0.506217616580311
248.54,9,21.0,0.1181,1.7243,0.9182087342709104,0.43708364174685416
248.54,10,21.0,0.1181,1.8921,0.9182087342709104,0.44330125832716505
249.05,6,17.0,0.09570000000000001,1.572405882352941,0.7579367135455218,0.3541820873427091
249.05,7,30.0,0.16870000000000002,1.5669333333333335,1.0,0.5061065877128054
249.05,8,26.0,0.14629999999999999,1.6787769230769232,1.0,0.5
249.05,9,23.0,0.1294,1.8507,0.9725758697261287,0.4914507772020725
249.05,10,19.0,0.1069,2.0924,0.846822723908216,0.39563286454478164
249.55,7,30.0,0.1688,1.6507600000000002,1.0,0.5001110288675056
249.55,8,28.0,0.1575,1.6667285714285716,1.0,0.5124352331606218
249.55,9,22.0,0.1238,1.7836,0.9456328645447816,0.45817912657290893
249.55,10,19.0,0.1069,1.994778947368421,0.846822723908216,0.39563286454478164
250.05,7,29.0,0.16319999999999998,1.6305137931034484,1.0,0.5
250.05,8,29.0,0.1631,1.6336620689655172,1.0,0.5062176165803108
250.05,9,21.0,0.1181,1.7309,0.9182087342709104,0.43708364174685416
250.05,10,20.0,0.1125,1.8847,0.8912657290895633,0.4225758697261288
250.55,7,29.0,0.16319999999999998,1.7234931034482757,1.0,0.5
250.55,8,30.0,0.1688,1.5914700000000002,1.0,0.5063286454478164
250.55,9,22.0,0.1238,1.7889000000000002,0.9456328645447816,0.46450777202072535
250.55,10,18.0,0.1013,1.9713000000000003,0.8023797187268691,0.3749074759437454
251.05,6,19.0,0.1069,1.480321052631579,0.846822723908216,0.4080680977054034
251.05,7,27.0,0.15189999999999998,1.675725925925926,1.0,0.5
251.05,8,31.0,0.1744,1.5177483870967743,1.0,0.5062176165803108
251.05,9,22.0,0.1238,1.8004999999999998,0.9456328645447816,0.45817912657290893
251.05,10,18.0,0.1013,1.8321999999999998,0.8023797187268691,0.3749074759437454
251.55,6,18.0,0.1013,1.72065,0.8023797187268691,0.3749074759437454
251.55,7,27.0,0.1519,1.6861666666666666,1.0,0.5
251.55,8,31.0,0.1744,1.7183580645161292,1.0,0.5
251.55,9,22.0,0.1238,1.8159999999999998,0.9456328645447816,0.45817912657290893
251.55,10,19.0,0.1069,1.890663157894737,0.846822723908216,0.40185048112509253
252.05,6,20.0,0.1125,1.37545,0.8912657290895633,0.4287934863064397
252.05,7,28.0,0.1575,1.6533142857142857,1.0,0.5062176165803108
252.05,8,27.0,0.1519,1.7319407407407408,1.0,0.5
252.05,9,22.0,0.1238,1.6993,0.9456328645447816,0.45817912657290893
252.05,10,20.0,0.1125,1.8237,0.8912657290895633,0.4225758697261288
252.55,6,20.0,0.11249999999999999,1.44304,0.8912657290895633,0.41635825314581787
252.55,7,31.0,0.1744,1.7920387096774193,1.0,0.5187638786084382
252.55,8,27.0,0.1519,1.6495777777777778,1.0,0.5
252.55,9,22.0,0.1238,1.7468000000000001,0.9456328645447816,0.45817912657290893
252.55,10,18.0,0.1013,1.9305,0.8023797187268691,0.3749074759437454
253.05,6,21.0,0.1182,1.2773666666666668,0.9186898593634345,0.4498759731632789
253.05,7,31.0,0.1744,1.8401548387096773,1.0,0.5
253.05,8,26.0,0.1463,1.5844,1.0,0.5
253.05,9,23.0,0.1294,1.8207,0.9725758697261287,0.48512213175425606
253.05,10,18.0,0.1013,1.8526999999999998,0.8023797187268691,0.3749074759437454
253.55,6,20.0,0.11259999999999999,1.3520699999999999,0.8917468541820873,0.4167283493708364
253.55,7,33.0,0.1856,1.6966363636363635,1.0,0.5124352331606218
253.55,8,26.0,0.1463,1.629,1.0,0.5
253.55,9,22.0,0.1238,1.8300000000000003,0.9456328645447816,0.45817912657290893
253.55,10,20.0,0.11249999999999999,1.86352,0.8912657290895633,0.4287934863064396
254.05,6,23.0,0.1294,1.5389956521739132,0.9725758697261287,0.4975573649148778
254.05,7,32.0,0.18,1.7075031250000001,1.0,0.5
254.05,8,26.0,0.1463,1.6392,1.0,0.5
254.05,9,21.0,0.1181,1.7737,0.9182087342709104,0.43708364174685416
254.05,10,19.0,0.1069,1.9914000000000003,0.846822723908216,0.39563286454478164
254.55,6,26.0,0.1462,1.4806000000000001,1.0,0.5186528497409326
254.55,7,31.0,0.1744,1.6201387096774194,1.0,0.5
254.55,8,26.0,0.1463,1.6115999999999997,1.0,0.5
254.55,9,21.0,0.1181,1.8099,0.9182087342709104,0.43708364174685416
254.55,10,18.0,0.1013,1.9212999999999998,0.8023797187268691,0.3749074759437454
255.05,6,27.0,0.15189999999999998,1.6711555555555557,1.0,0.5063286454478164
255.05,7,33.0,0.1856,1.5469939393939391,1.0,0.5124352331606218
255.05,8,24.0,0.13499999999999998,1.5109166666666667,0.9995188749074759,0.49962990377498145
255.05,9,21.0,0.1181,1.8369,0.9182087342709104,0.43708364174685416
255.05,10,19.0,0.1069,1.8858,0.846822723908216,0.40185048112509253
255.56,6,29.0,0.1631,1.5393310344827587,1.0,0.5124352331606218
255.56,7,31.0,0.1744,1.5191806451612904,1.0,0.5
255.56,8,25.0,0.1406,1.629096,1.0,0.506217616580311
255.56,9,22.0,0.1238,1.7190000000000003,0.9456328645447816,0.46450777202072535
255.56,10,18.0,0.1012,1.9047555555555558,0.801898593634345,0.37453737971872686
256.06,6,27.0,0.15189999999999998,1.4724407407407407,1.0,0.5
256.06,7,30.0,0.1688,1.4518733333333331,1.0,0.5
256.06,8,25.0,0.1406,1.5666240000000002,1.0,0.5
256.06,9,22.0,0.1238,1.7348999999999999,0.9456328645447816,0.45817912657290893
256.06,10,20.0,0.11249999999999999,1.9767050000000002,0.8912657290895633,0.4289045151739452
256.56,6,27.0,0.15189999999999998,1.5814370370370372,1.0,0.5
256.56,7,31.0,0.1744,1.5683903225806453,1.0,0.5062176165803108
256.56,8,26.0,0.1462,1.5426153846153845,1.0,0.5062176165803108
256.56,9,22.0,0.1238,1.8199000000000003,0.9456328645447816,0.45817912657290893
256.56,10,19.0,0.1069,1.8927473684210527,0.846822723908216,0.39563286454478164
257.06,6,27.0,0.15189999999999998,2.0023962962962965,1.0,0.5
257.06,7,32.0,0.18,1.6206749999999999,1.0,0.5062176165803108
257.06,8,25.0,0.1406,1.5259,1.0,0.5
257.06,9,23.0,0.1294,1.8222,0.9725758697261287,0.48512213175425606
257.06,10,18.0,0.1013,1.8495,0.8023797187268691,0.3749074759437454
257.56,6,25.0,0.1407,1.53078,1.0,0.5
257.56,7,31.0,0.1744,1.640932258064516,1.0,0.5
257.56,8,28.0,0.1575,1.6208000000000002,1.0,0.5187638786084382
257.56,9,21.0,0.1181,1.7679,0.9182087342709104,0.43708364174685416
257.56,10,17.0,0.0956,1.9931,0.7574555884529979,0.3538119911176906
258.06,6,25.0,0.1407,1.715916,1.0,0.5
258.06,7,30.0,0.1688,1.62904,1.0,0.5
258.06,8,29.0,0.1631,1.5176,1.0,0.5062176165803108
258.06,9,20.0,0.1125,1.6667,0.8912657290895633,0.4163582531458179
258.06,10,18.0,0.1013,1.8659,0.8023797187268691,0.3812361213915618
258.56,6,27.0,0.15189999999999998,1.7643962962962962,1.0,0.5124352331606218
258.56,7,29.0,0.1631,1.730034482758621,1.0,0.5
258.56,8,29.0,0.1631,1.5441,1.0,0.5
258.56,9,20.0,0.1125,1.7342,0.8912657290895633,0.4163582531458179
258.56,10,20.0,0.1125,1.8580999999999999,0.8912657290895633,0.4287934863064397
259.06,6,28.0,0.1575,1.8393214285714286,1.0,0.506217616580311
259.06,7,28.0,0.1575,1.7015857142857143,1.0,0.5
259.06,8,29.0,0.1631,1.5378,1.0,0.5
259.06,9,20.0,0.1125,1.7512,0.8912657290895633,0.4163582531458179
259.06,10,20.0,0.1125,1.9213,0.8912657290895633,0.4163582531458179
259.56,6,31.0,0.1744,1.848716129032258,1.0,0.5187638786084382
259.56,7,25.0,0.1407,1.656252,1.0,0.5
259.56,8,29.0,0.1631,1.692355172413793,1.0,0.5
259.56,9,22.0,0.1238,1.7968000000000002,0.9456328645447816,0.47072538860103624
259.56,10,18.0,0.1013,1.979,0.8023797187268691,0.3749074759437454
260.06,6,30.0,0.1688,1.8260666666666667,1.0,0.5
260.06,7,25.0,0.1407,1.712032,1.0,0.5
260.06,8,32.0,0.18,1.6922593750000001,1.0,0.5187638786084382
260.06,9,21.0,0.1181,1.7486,0.9182087342709104,0.43708364174685416
260.06,10,18.0,0.1013,1.8974,0.8023797187268691,0.3749074759437454
260.56,6,28.0,0.1575,1.8586535714285717,1.0,0.5
260.56,7,24.0,0.135,1.75715,0.9995188749074759,0.4996299037749815
260.56,8,33.0,0.1856,1.6876666666666669,1.0,0.5062176165803108
260.56,9,20.0,0.1125,1.7805,0.8912657290895633,0.4163582531458179
260.56,10,20.0,0.11249999999999999,2.0704299999999995,0.8912657290895633,0.4287934863064396
261.07,6,27.0,0.1519,1.6763444444444446,1.0,0.5
261.07,7,27.0,0.15189999999999998,1.7433222222222222,1.0,0.5187638786084382
261.07,8,28.0,0.1575,1.6605,1.0,0.5
261.07,9,22.0,0.1238,1.8337,0.9456328645447816,0.47072538860103624
261.07,10,20.0,0.1125,1.9621,0.8912657290895633,0.4163582531458179
261.57,6,27.0,0.1519,1.5904555555555555,1.0,0.5
261.57,7,27.0,0.15189999999999998,1.7756111111111113,1.0,0.5
261.57,8,27.0,0.1519,1.5457074074074073,1.0,0.5
261.57,9,23.0,0.1294,1.7203,0.9725758697261287,0.48512213175425606
261.57,10,20.0,0.1125,1.9509,0.8912657290895633,0.4163582531458179
262.07,6,26.0,0.14629999999999999,1.8116076923076923,1.0,0.5
262.07,7,27.0,0.15189999999999998,1.8358851851851852,1.0,0.5
262.07,8,30.0,0.1687,1.53464,1.0,0.5186528497409326
262.07,9,23.0,0.1294,1.7420000000000002,0.9725758697261287,0.47890451517394517
262.07,10,18.0,0.1013,1.9993,0.8023797187268691,0.3749074759437454
262.57,6,28.0,0.1575,1.5698464285714286,1.0,0.5124352331606218
262.57,7,25.0,0.1407,1.75332,1.0,0.5
262.57,8,29.0,0.1631,1.5201,1.0,0.5
262.57,9,22.0,0.1238,1.7556000000000003,0.9456328645447816,0.45817912657290893
262.57,10,19.0,0.1069,2.0614,0.846822723908216,0.40185048112509253
263.07,6,30.0,0.1688,1.67276,1.0,0.5125462620281274
263.07,7,22.0,0.1238,1.7492545454545456,0.9456328645447816,0.45817912657290893
263.07,8,31.0,0.1744,1.6583,1.0,0.5125462620281274
263.07,9,22.0,0.1238,1.7086,0.9456328645447816,0.45817912657290893
263.07,10,18.0,0.1013,1.9516,0.8023797187268691,0.3749074759437454
263.57,6,31.0,0.1744,1.7144612903225807,1.0,0.5062176165803108
263.57,7,22.0,0.1238,1.7952363636363637,0.9456328645447816,0.45817912657290893
263.57,8,31.0,0.1744,1.6089483870967745,1.0,0.5
263.57,9,23.0,0.1294,1.8278,0.9725758697261287,0.48512213175425606
263.57,10,17.0,0.0956,1.8702,0.7574555884529979,0.3538119911176906
264.07,6,29.0,0.1631,1.6576241379310346,1.0,0.5
264.07,7,24.0,0.135,1.7906000000000002,0.9995188749074759,0.5120651369356033
264.07,8,30.0,0.1688,1.5806133333333332,1.0,0.5
264.07,9,22.0,0.1238,1.7942,0.9456328645447816,0.45817912657290893
264.07,10,18.0,0.1012,1.889738888888889,0.801898593634345,0.38075499629903775
264.57,6,27.0,0.15189999999999998,1.5199296296296296,1.0,0.5
264.57,7,24.0,0.135,1.7655,0.9995188749074759,0.4996299037749815
264.57,8,32.0,0.1801,1.62818125,1.0,0.5125462620281274
264.57,9,21.0,0.1181,1.8495000000000001,0.9182087342709104,0.43708364174685416
264.57,10,18.0,0.1013,1.9046999999999998,0.8023797187268691,0.375018504811251
265.07,6,29.0,0.1632,1.558955172413793,1.0,0.5125462620281274
265.07,7,22.0,0.12380000000000001,1.8082636363636366,0.9456328645447817,0.458179126572909
265.07,8,30.0,0.1688,1.7341333333333333,1.0,0.5
265.07,9,22.0,0.12369999999999999,1.896913636363636,0.9451517394522576,0.46402664692820134
265.07,10,18.0,0.1013,1.9663999999999997,0.8023797187268691,0.3749074759437454
265.57,6,30.0,0.1688,1.5393000000000001,1.0,0.5062176165803108
265.57,7,22.0,0.12380000000000001,1.9049999999999998,0.9456328645447817,0.458179126572909
265.57,8,30.0,0.1688,1.7435999999999998,1.0,0.5
265.57,9,23.0,0.1294,1.7546913043478258,0.9725758697261287,0.4852331606217616
266.07,6,28.0,0.1575,1.4733035714285714,1.0,0.5
266.07,7,22.0,0.12380000000000001,1.7101,0.9456328645447817,0.458179126572909
266.07,8,30.0,0.1688,1.67542,1.0,0.5
266.07,9,25.0,0.1406,1.769384,1.0,0.5124352331606218
266.57,6,26.0,0.14629999999999999,1.466242307692308,1.0,0.5
266.57,7,24.0,0.1351,1.8180916666666667,1.0,0.5125462620281273
266.57,8,32.0,0.18,1.664059375,1.0,0.5124352331606218
266.57,9,21.0,0.1181,1.7688999999999997,0.9182087342709104,0.43708364174685416
267.07,6,26.0,0.14629999999999999,1.5030000000000001,1.0,0.5
267.07,7,26.0,0.14629999999999999,1.7287923076923077,1.0,0.5124352331606218
267.07,8,30.0,0.1688,1.5476,1.0,0.5
267.07,9,23.0,0.1294,1.7148,0.9725758697261287,0.4914507772020725
267.57,6,25.0,0.1407,1.449168,1.0,0.5
267.57,7,25.0,0.1407,1.654096,1.0,0.5
267.57,8,32.0,0.18,1.5271249999999998,1.0,0.5124352331606218
267.57,9,21.0,0.1181,1.7532,0.9182087342709104,0.43708364174685416
268.07,6,28.0,0.1575,1.6210035714285715,1.0,0.5186528497409326
268.07,7,24.0,0.1351,1.6415666666666666,1.0,0.5
268.07,8,31.0,0.1744,1.5523516129032258,1.0,0.5
268.07,9,24.0,0.135,1.7073,0.9995188749074759,0.5183937823834197
268.58,6,27.0,0.15189999999999998,1.4725740740740738,1.0,0.5
268.58,7,26.0,0.14629999999999999,1.57595,1.0,0.5124352331606218
268.58,8,31.0,0.1744,1.3697935483870967,1.0,0.5
268.58,9,22.0,0.1238,1.8833999999999997,0.9456328645447816,0.45817912657290893
269.08,6,26.0,0.14629999999999999,1.4997538461538462,1.0,0.5
269.08,7,23.0,0.12940000000000002,1.5809521739130434,0.9725758697261289,0.4789045151739453
269.08,8,32.0,0.18,1.401225,1.0,0.5062176165803108
269.08,9,23.0,0.1294,1.8467,0.9725758697261287,0.48512213175425606
269.58,6,25.0,0.1407,1.5015640000000001,1.0,0.5
269.58,7,27.0,0.15189999999999998,1.7922592592592592,1.0,0.524981495188749
269.58,8,28.0,0.15760000000000002,1.3690428571428572,1.0,0.5
269.58,9,23.0,0.1294,1.6416,0.9725758697261287,0.47890451517394517
270.08,6,24.0,0.135,1.4322833333333334,0.9995188749074759,0.4996299037749815
270.08,7,29.0,0.16319999999999998,1.6238689655172414,1.0,0.5125462620281274
270.08,8,28.0,0.1575,1.3658035714285712,1.0,0.5
270.08,9,23.0,0.1294,1.7521,0.9725758697261287,0.47890451517394517
270.58,6,24.0,0.135,1.3868541666666667,0.9995188749074759,0.4996299037749815
270.58,7,28.0,0.1576,1.6354714285714285,1.0,0.5
270.58,8,28.0,0.1575,1.596614285714286,1.0,0.5
270.58,9,24.0,0.135,1.7348,0.9995188749074759,0.5058475203552925
271.08,6,24.0,0.135,1.4232916666666668,0.9995188749074759,0.4996299037749815
271.08,7,29.0,0.16319999999999998,1.7627931034482758,1.0,0.5062176165803108
271.08,8,28.0,0.1575,1.6147392857142857,1.0,0.5
271.08,9,23.0,0.1294,1.869,0.9725758697261287,0.47890451517394517
271.58,6,25.0,0.1406,1.5888240000000002,1.0,0.5062176165803108
271.58,7,29.0,0.1631,1.8446103448275863,1.0,0.5
271.58,8,28.0,0.15760000000000002,1.5652857142857142,1.0,0.5001110288675056
271.58,9,23.0,0.1294,1.8096,0.9725758697261287,0.47890451517394517
272.08,6,24.0,0.135,1.5939500000000002,0.9995188749074759,0.4996299037749815
272.08,7,31.0,0.1744,1.8229451612903227,1.0,0.5125462620281274
272.08,8,27.0,0.1519,1.5918925925925924,1.0,0.5
272.08,9,22.0,0.1238,1.6775,0.9456328645447816,0.45817912657290893
272.58,6,26.0,0.1462,1.5922346153846154,1.0,0.5124352331606218
272.58,7,28.0,0.1575,1.7040000000000002,1.0,0.5
272.58,8,26.0,0.1463,1.4515307692307693,1.0,0.5
272.58,9,22.0,0.1238,1.7666000000000002,0.9456328645447816,0.45817912657290893
273.08,6,27.0,0.1519,1.6481333333333335,1.0,0.5063286454478164
273.08,7,29.0,0.1631,1.8211896551724136,1.0,0.5062176165803108
273.08,8,25.0,0.1406,1.522428,1.0,0.5
273.08,9,22.0,0.1238,1.7851,0.9456328645447816,0.45817912657290893
273.58,6,30.0,0.1688,1.7070566666666667,1.0,0.5187638786084382
273.58,7,25.0,0.1407,1.9125999999999999,1.0,0.5
273.58,8,25.0,0.1406,1.452644,1.0,0.5
273.58,9,23.0,0.1294,1.725,0.9725758697261287,0.48512213175425606
274.08,6,29.0,0.16310000000000002,1.6617206896551722,1.0,0.5
274.08,7,28.0,0.1575,1.822825,1.0,0.5186528497409326
274.08,8,25.0,0.1407,1.6260640000000002,1.0,0.5001110288675056
274.08,9,21.0,0.1181,1.7703999999999998,0.9182087342709104,0.43708364174685416
274.58,6,29.0,0.1632,1.6247620689655171,1.0,0.5001110288675056
274.58,7,27.0,0.1519,1.867137037037037,1.0,0.5
274.58,8,27.0,0.1519,1.6456111111111111,1.0,0.5124352331606218
274.58,9,19.0,0.1069,1.6791,0.846822723908216,0.39563286454478164
275.09,6,32.0,0.18,1.623834375,1.0,0.5186528497409326
275.09,7,24.0,0.1351,1.8722,1.0,0.5
275.09,8,29.0,0.1632,1.5820172413793103,1.0,0.5125462620281274
275.09,9,18.0,0.1013,1.7049,0.8023797187268691,0.3749074759437454
275.59,6,30.0,0.16870000000000002,1.6575666666666666,1.0,0.5
275.59,7,24.0,0.1351,1.8261500000000002,1.0,0.5
275.59,8,30.0,0.1688,1.48468,1.0,0.5062176165803108
275.59,9,18.0,0.1013,1.6802,0.8023797187268691,0.3749074759437454
276.09,6,30.0,0.1688,1.91684,1.0,0.5001110288675056
276.09,7,24.0,0.1351,1.819225,1.0,0.5
276.09,8,30.0,0.1687,1.3412566666666665,1.0,0.5
276.09,9,17.0,0.0956,1.6185,0.7574555884529979,0.3538119911176906
276.59,6,30.0,0.1688,1.76145,1.0,0.5
276.59,7,21.0,0.11810000000000001,1.780042857142857,0.9182087342709104,0.4370836417468542
276.59,8,31.0,0.1744,1.445016129032258,1.0,0.5063286454478164
277.09,6,32.0,0.18,1.7275437500000002,1.0,0.5124352331606218
277.09,7,20.0,0.1125,1.895725,0.8912657290895633,0.4163582531458179
277.09,8,33.0,0.1856,1.5870151515151514,1.0,0.5124352331606218
277.59,6,32.0,0.18,1.6573968749999999,1.0,0.5
277.59,7,20.0,0.11259999999999999,1.8526500000000001,0.8917468541820873,0.41683937823834194
277.59,8,33.0,0.1856,1.507451515151515,1.0,0.5
278.09,6,32.0,0.18,1.6484,1.0,0.5
278.09,7,21.0,0.1182,1.949442857142857,0.9186898593634345,0.4436713545521836
278.09,8,31.0,0.1744,1.618251612903226,1.0,0.5
278.59,6,33.0,0.18569999999999998,1.7656787878787878,1.0,0.5063286454478164
278.59,7,19.0,0.1069,1.9632736842105263,0.846822723908216,0.39563286454478164
278.59,8,30.0,0.1688,1.4936533333333333,1.0,0.5
279.09,6,32.0,0.18,1.5243031249999999,1.0,0.5
279.09,7,18.0,0.1012,1.9904555555555556,0.801898593634345,0.37453737971872686
279.09,8,30.0,0.1688,1.4899799999999999,1.0,0.5
279.59,6,32.0,0.18009999999999998,1.4941187499999997,1.0,0.5001110288675056
279.59,7,19.0,0.1069,1.8733157894736845,0.846822723908216,0.40196150999259805
279.59,8,28.0,0.15760000000000002,1.5191857142857141,1.0,0.5
280.09,6,33.0,0.1856,1.9128848484848486,1.0,0.5061065877128054
280.09,7,21.0,0.1181,1.8724999999999998,0.9182087342709104,0.44951887490747594
280.09,8,27.0,0.1519,1.4962111111111112,1.0,0.5
280.59,6,31.0,0.1744,1.6272516129032257,1.0,0.5
280.59,7,20.0,0.11259999999999999,1.81777,0.8917468541820873,0.4167283493708364
280.59,8,29.0,0.1632,1.4533896551724137,1.0,0.5125462620281274
281.09,6,28.0,0.1576,1.5176,1.0,0.5
281.09,7,19.0,0.1069,1.8793368421052632,0.846822723908216,0.39563286454478164
281.09,8,29.0,0.1632,1.5968931034482758,1.0,0.5
281.59,6,28.0,0.1575,1.5077535714285715,1.0,0.5
281.59,7,21.0,0.1182,1.8969666666666667,0.9186898593634345,0.45
281.59,8,26.0,0.14629999999999999,1.501553846153846,1.0,0.5
282.09,6,27.0,0.1519,1.5557407407407406,1.0,0.5
282.09,7,20.0,0.11249999999999999,1.887165,0.8912657290895633,0.41635825314581787
282.09,8,27.0,0.15189999999999998,1.5153333333333334,1.0,0.5062176165803108
282.6,6,25.0,0.1406,1.5876839999999999,1.0,0.5
282.6,7,21.0,0.1182,1.8221999999999998,0.9186898593634345,0.4437823834196891
282.6,8,27.0,0.15189999999999998,1.6005222222222224,1.0,0.5
283.1,6,27.0,0.1519,1.5111222222222223,1.0,0.5125462620281274
283.1,7,20.0,0.11259999999999999,1.95871,0.8917468541820873,0.4167283493708364
283.1,8,28.0,0.1575,1.624442857142857,1.0,0.506217616580311
283.6,6,29.0,0.1632,1.503351724137931,1.0,0.5125462620281274
283.6,7,18.0,0.1012,1.9515388888888892,0.801898593634345,0.37453737971872686
283.6,8,29.0,0.16310000000000002,1.5579068965517242,1.0,0.506217616580311
284.1,6,29.0,0.1632,1.7454586206896554,1.0,0.5
284.1,7,21.0,0.1181,1.8869761904761906,0.9182087342709104,0.45584752035529236
284.1,8,27.0,0.15189999999999998,1.6399185185185186,1.0,0.5
284.6,6,28.0,0.1575,1.5627964285714289,1.0,0.5
284.6,7,24.0,0.135,1.7871833333333333,0.9995188749074759,0.5183937823834197
284.6,8,24.0,0.135,1.6647666666666667,0.9995188749074759,0.4996299037749815
285.1,6,29.0,0.1632,1.6647206896551723,1.0,0.5063286454478164
285.1,7,23.0,0.1294,1.6336304347826085,0.9725758697261287,0.47890451517394517
285.1,8,25.0,0.1406,1.7738800000000003,1.0,0.5062176165803108
285.6,6,29.0,0.1631,1.683965517241379,1.0,0.5
285.6,7,24.0,0.1351,1.846,1.0,0.5063286454478164
285.6,8,24.0,0.135,1.8482333333333332,0.9995188749074759,0.4996299037749815
286.12,6,27.0,0.1519,1.3834444444444445,1.0,0.5
286.12,7,25.0,0.1407,1.63356,1.0,0.5062176165803108
286.12,8,22.0,0.1238,1.6598545454545457,0.9456328645447816,0.45817912657290893
286.62,6,27.0,0.15189999999999998,1.534744444444444,1.0,0.5
286.62,7,24.0,0.1351,1.8035000000000003,1.0,0.5
286.62,8,23.0,0.12940000000000002,1.7491391304347825,0.9725758697261289,0.48512213175425617
287.12,6,28.0,0.1575,1.5576107142857143,1.0,0.506217616580311
287.12,7,25.0,0.1407,1.745444,1.0,0.5062176165803108
287.12,8,20.0,0.1126,1.5512700000000001,0.8917468541820874,0.41672834937083647
287.62,6,25.0,0.1406,1.43878,1.0,0.5
287.62,7,25.0,0.1407,1.7584079999999997,1.0,0.5
287.62,8,22.0,0.12380000000000001,1.4220545454545457,0.9456328645447817,0.4706143597335308
288.13,6,26.0,0.14629999999999999,1.5033076923076922,1.0,0.5063286454478164
288.13,7,26.0,0.14629999999999999,1.7119538461538464,1.0,0.5062176165803108
288.13,8,21.0,0.1181,1.5281,0.9182087342709104,0.43708364174685416
288.63,6,28.0,0.1575,1.5382214285714286,1.0,0.5124352331606218
288.63,7,25.0,0.1407,1.793124,1.0,0.5
288.63,8,20.0,0.1125,1.4364,0.8912657290895633,0.4163582531458179
289.13,6,25.0,0.1406,1.5619720000000001,1.0,0.5
289.13,7,26.0,0.14629999999999999,1.8006807692307694,1.0,0.5062176165803108
289.13,8,20.0,0.11249999999999999,1.4819099999999998,0.8912657290895633,0.41635825314581787
289.63,6,25.0,0.1406,1.521944,1.0,0.5
289.63,7,27.0,0.15189999999999998,1.7858851851851851,1.0,0.5062176165803108
289.63,8,18.0,0.1013,1.5099,0.8023797187268691,0.3749074759437454
290.13,6,24.0,0.135,1.6898,0.9995188749074759,0.4996299037749815
290.13,7,26.0,0.14629999999999999,1.9516500000000003,1.0,0.5
290.13,8,20.0,0.1125,1.5631,0.8912657290895633,0.4287934863064397
290.63,6,24.0,0.1351,1.7282916666666666,1.0,0.5001110288675056
290.63,7,27.0,0.1519,1.9037851851851852,1.0,0.506217616580311
290.63,8,18.0,0.1013,1.4682,0.8023797187268691,0.3749074759437454
291.13,6,25.0,0.1407,1.74478,1.0,0.5062176165803108
291.13,7,25.0,0.1406,1.9353280000000002,1.0,0.5
291.13,8,20.0,0.1125,1.5839,0.8912657290895633,0.4287934863064397
291.63,6,24.0,0.135,2.0517,0.9995188749074759,0.4996299037749815
291.63,7,25.0,0.1406,1.7518799999999999,1.0,0.5
291.63,8,20.0,0.1125,1.6274000000000002,0.8912657290895633,0.4163582531458179
292.13,6,23.0,0.1294,1.7221521739130434,0.9725758697261287,0.47890451517394517
292.13,7,26.0,0.14629999999999999,1.7340192307692308,1.0,0.5063286454478164
292.13,8,18.0,0.1013,1.4875,0.8023797187268691,0.3749074759437454
292.63,6,25.0,0.1406,1.847524,1.0,0.5124352331606218
292.63,7,24.0,0.135,1.6267416666666668,0.9995188749074759,0.4996299037749815
292.63,8,19.0,0.1069,1.6299,0.846822723908216,0.40185048112509253
293.13,6,26.0,0.1462,2.092519230769231,1.0,0.5062176165803108
293.13,7,24.0,0.135,1.7109833333333333,0.9995188749074759,0.4996299037749815
293.13,8,17.0,0.0956,1.896,0.7574555884529979,0.3538119911176906
293.63,6,24.0,0.135,1.6138875,0.9995188749074759,0.4996299037749815
293.63,7,24.0,0.135,1.6644333333333334,0.9995188749074759,0.4996299037749815
293.63,8,17.0,0.0956,1.723,0.7574555884529979,0.3538119911176906
294.13,6,24.0,0.135,1.5960875,0.9995188749074759,0.4996299037749815
294.13,7,22.0,0.1238,1.578822727272727,0.9456328645447816,0.45817912657290893
294.13,8,18.0,0.1013,1.7548,0.8023797187268691,0.3812361213915618
294.63,6,25.0,0.1407,1.6247200000000002,1.0,0.5063286454478164
294.63,7,21.0,0.1182,1.6471904761904763,0.9186898593634345,0.4374537379718727
294.63,8,19.0,0.1069,1.9271999999999998,0.846822723908216,0.40185048112509253
295.13,6,23.0,0.12940000000000002,1.8731478260869565,0.9725758697261289,0.4789045151739453
295.13,7,21.0,0.1182,1.7153476190476191,0.9186898593634345,0.4374537379718727
295.13,8,18.0,0.1012,1.7849722222222222,0.801898593634345,0.37453737971872686
295.64,6,25.0,0.1407,1.5900040000000002,1.0,0.5125462620281273
295.64,7,18.0,0.1013,1.5219,0.8023797187268691,0.3749074759437454
295.64,8,17.0,0.09559999999999999,1.8557705882352942,0.7574555884529978,0.35381199111769057
296.14,6,23.0,0.12940000000000002,1.5660739130434782,0.9725758697261289,0.4789045151739453
296.14,7,19.0,0.1069,1.6216,0.846822723908216,0.40185048112509253
296.14,8,17.0,0.09559999999999999,1.9304176470588232,0.7574555884529978,0.35381199111769057
296.64,6,20.0,0.1126,1.4541,0.8917468541820874,0.41672834937083647
296.64,7,22.0,0.1238,1.6769,0.9456328645447816,0.47694300518134713
297.14,6,20.0,0.11249999999999999,1.465175,0.8912657290895633,0.41635825314581787
297.14,7,22.0,0.1238,1.6094,0.9456328645447816,0.45817912657290893
297.64,6,21.0,0.11810000000000001,1.647642857142857,0.9182087342709104,0.4433012583271651
297.64,7,23.0,0.1294,1.8452565217391308,0.9725758697261287,0.48512213175425606
298.14,6,22.0,0.1237,1.7760227272727271,0.9451517394522576,0.4640266469282014
298.14,7,22.0,0.12369999999999999,1.727190909090909,0.9451517394522576,0.45780903034789044
298.64,6,19.0,0.1069,1.5642052631578949,0.846822723908216,0.39563286454478164
298.64,7,23.0,0.1294,1.762508695652174,0.9725758697261287,0.4852331606217616
299.14,6,22.0,0.1238,1.5286,0.9456328645447816,0.47694300518134713
299.14,7,20.0,0.11249999999999999,1.775,0.8912657290895633,0.41635825314581787
299.64,6,23.0,0.12940000000000002,1.7156347826086955,0.9725758697261289,0.48512213175425617
299.64,7,21.0,0.1182,1.7449666666666668,0.9186898593634345,0.4437823834196891
300.14,6,25.0,0.1406,1.6695,1.0,0.5124352331606218
300.14,7,19.0,0.10690000000000001,1.806021052631579,0.8468227239082162,0.3956328645447817
300.64,6,23.0,0.12940000000000002,1.5779913043478262,0.9725758697261289,0.4789045151739453
300.64,7,21.0,0.1182,1.7097857142857145,0.9186898593634345,0.45
301.14,6,24.0,0.135,1.7220708333333334,0.9995188749074759,0.5058475203552923
301.14,7,21.0,0.1182,1.6828999999999998,0.9186898593634345,0.4374537379718727
301.64,6,23.0,0.12940000000000002,1.9845565217391306,0.9725758697261289,0.4789045151739453
301.64,7,21.0,0.1182,1.6846571428571429,0.9186898593634345,0.4374537379718727
302.15,6,22.0,0.1238,1.4411363636363637,0.9456328645447816,0.45817912657290893
302.15,7,20.0,0.1125,1.62574,0.8912657290895633,0.4163582531458179
302.65,6,23.0,0.12940000000000002,1.3578739130434783,0.9725758697261289,0.48512213175425617
302.65,7,20.0,0.1125,1.65198,0.8912657290895633,0.4163582531458179
303.15,6,23.0,0.12940000000000002,1.7371217391304348,0.9725758697261289,0.4789045151739453
303.15,7,19.0,0.1069,1.787457894736842,0.846822723908216,0.39563286454478164
303.65,6,22.0,0.1238,1.470381818181818,0.9456328645447816,0.45817912657290893
303.65,7,20.0,0.1125,1.7538699999999998,0.8912657290895633,0.4225758697261288
304.15,6,23.0,0.12940000000000002,1.6063000000000003,0.9725758697261289,0.48512213175425617
304.15,7,19.0,0.10690000000000001,1.6903684210526317,0.8468227239082162,0.3956328645447817
304.65,6,24.0,0.135,1.7535875,0.9995188749074759,0.5058475203552923
304.65,7,19.0,0.10690000000000001,1.705757894736842,0.8468227239082162,0.3956328645447817
305.15,6,25.0,0.1407,1.66452,1.0,0.5063286454478164
305.15,7,17.0,0.09559999999999999,1.6486411764705882,0.7574555884529978,0.35381199111769057
305.65,6,25.0,0.1407,1.797244,1.0,0.5
305.65,7,17.0,0.0956,1.4545,0.7574555884529979,0.3538119911176906
306.15,6,22.0,0.12380000000000001,1.6940363636363636,0.9456328645447817,0.458179126572909
306.65,6,21.0,0.1181,1.6238285714285714,0.9182087342709104,0.43708364174685416
307.15,6,20.0,0.11249999999999999,1.70001,0.8912657290895633,0.41635825314581787
307.65,6,21.0,0.11810000000000001,1.7918142857142858,0.9182087342709104,0.4433012583271651
308.15,6,20.0,0.1125,1.78568,0.8912657290895633,0.4163582531458179
308.65,6,18.0,0.1013,1.8043777777777779,0.8023797187268691,0.3749074759437454
313.16,6,17.0,0.09559999999999999,1.6321176470588237,0.7574555884529978,0.35381199111769057
