scenario,time,cell_x,cell_z,count,density,mean_speed,mean_vx,mean_vz
Burst,13.59,10,1,1,0.0056,3.0077,-3.0061,-0.0975
Burst,19.23,6,1,2,0.0113,6.8723,-5.9497,3.1471
Burst,19.73,6,1,2,0.0113,5.6904,-5.1191,2.2971
Burst,20.75,6,1,2,0.0113,6.727,-5.8733,2.9746
Burst,21.26,6,1,3,0.0169,4.0013,-3.7793,0.8281
Burst,21.76,6,1,3,0.0169,3.9152,-3.6472,1.0118
Burst,22.27,6,1,3,0.0169,5.012,-4.5151,1.9846
Burst,23.29,6,1,3,0.0169,5.3569,-4.7952,1.9449
Burst,23.8,6,1,3,0.0169,4.9496,-4.4939,1.6675
Burst,24.3,6,1,3,0.0169,5.4426,-4.9035,1.776
Burst,24.81,5,1,5,0.0281,3.2062,-2.8728,0.0444
Burst,24.81,6,1,3,0.0169,4.2813,-3.9708,1.3152
Burst,25.33,6,1,4,0.0225,4.698,-4.2125,1.5614
Burst,25.84,6,1,3,0.0169,4.119,-3.8649,1.0648
Burst,26.34,6,1,3,0.0169,5.4224,-4.8911,1.6125
Burst,26.85,6,1,3,0.0169,3.3324,-3.2004,0.812
Burst,27.35,6,1,4,0.0225,5.578,-4.9478,2.446
Burst,27.85,6,1,4,0.0225,4.5373,-4.0173,1.7583
Burst,29.87,6,1,6,0.0338,5.2623,-4.6066,1.7392
Burst,30.38,6,1,6,0.0338,3.2001,-2.8761,0.2986
Burst,30.88,6,1,5,0.0281,3.5402,-3.1746,0.2423
Burst,31.39,6,1,6,0.0338,4.072,-3.7357,0.5655
Burst,32.39,6,1,6,0.0338,3.5765,-3.3925,0.7349
Burst,32.9,6,1,7,0.0394,4.9663,-4.4609,1.6485
Burst,33.94,6,1,6,0.0338,3.4282,-3.1529,0.6818
Burst,34.45,25,1,1,0.0056,9.9317,8.2769,5.4893
Burst,34.95,25,1,1,0.0056,10.5045,8.7387,5.8293
Burst,35.96,6,1,8,0.045,3.2446,-2.8878,0.2744
Burst,36.96,24,1,3,0.0169,3.2778,3.1019,0.8403
Burst,37.46,6,1,8,0.045,3.7114,-3.3898,0.7859
Burst,37.46,25,1,3,0.0169,7.7252,6.2448,3.7596
Burst,37.96,6,1,7,0.0394,3.502,-3.1858,0.7544
Burst,37.96,25,1,3,0.0169,6.2158,5.3075,2.711
Burst,38.46,25,1,4,0.0225,4.2884,3.622,1.2522
Burst,38.97,25,1,3,0.0169,4.1576,3.6592,1.2612
Burst,39.97,6,1,6,0.0338,3.6112,-3.3201,0.6492
Burst,42.47,25,1,2,0.0113,4.3866,3.8815,1.1522
Burst,42.97,25,1,3,0.0169,7.8919,6.4809,3.7595
Burst,43.47,25,1,2,0.0113,7.3092,6.2552,3.6385
Burst,44.47,25,1,3,0.0169,3.3124,2.9622,0.5805
Burst,44.97,25,1,4,0.0225,6.7044,5.5556,2.8972
Burst,45.47,25,1,5,0.0281,5.8616,4.9853,2.2711
Burst,45.98,6,1,7,0.0394,3.1995,-2.8055,0.4082
Burst,45.98,25,1,6,0.0338,4.1219,3.4999,1.0918
Burst,47.98,5,1,6,0.0338,3.7864,-3.1729,0.5104
Burst,47.98,25,1,6,0.0338,4.9796,4.1564,1.4921
Burst,48.49,25,1,6,0.0338,4.4883,3.7343,1.2625
Burst,48.99,24,1,7,0.0394,3.3461,3.0667,0.5851
Burst,48.99,25,1,6,0.0338,3.4822,2.9883,0.5734
Burst,49.49,25,1,6,0.0338,3.6992,3.3788,0.9441
Burst,50.0,25,1,6,0.0338,3.6791,3.2527,0.8272
Burst,51.05,25,1,7,0.0394,3.1081,2.7154,0.1286
Burst,51.55,25,1,6,0.0338,3.2411,2.8242,0.3214
Burst,52.05,25,1,6,0.0338,5.2112,4.437,1.7858
Burst,52.56,22,2,1,0.0056,3.0339,3.03,-0.1537
Burst,52.56,25,1,6,0.0338,3.9204,3.5433,0.5385
Burst,53.07,5,1,8,0.045,3.1042,-2.4536,0.3087
Burst,53.58,25,1,6,0.0338,3.5746,3.1339,0.6212
Burst,56.11,5,0,4,0.0225,3.171,-2.9232,0.5251
Burst,56.65,5,1,5,0.0281,4.8573,-3.2212,1.2944
Burst,56.65,25,1,6,0.0338,3.6151,3.1676,0.5427
Burst,57.67,25,1,6,0.0338,3.5879,3.0319,0.6388
Burst,58.18,25,1,8,0.045,4.0735,3.4447,1.0878
Burst,58.69,5,1,6,0.0338,3.6526,-3.1746,0.3486
Burst,58.69,23,2,1,0.0056,9.1214,7.3743,5.3682
Burst,59.19,5,1,5,0.0281,3.7734,-3.235,0.1899
Burst,59.19,25,1,8,0.045,3.1543,2.778,0.4505
Burst,60.2,25,1,8,0.045,3.1925,2.7157,0.0404
Burst,60.7,25,1,9,0.0506,3.3725,3.0607,0.0944
Burst,61.2,24,2,1,0.0056,3.8678,3.7268,1.0347
Burst,61.2,25,1,10,0.0563,3.4091,3.0864,0.2729
Burst,64.28,25,1,8,0.045,3.3138,2.906,0.374
Burst,64.78,25,1,8,0.045,3.6825,3.2119,0.5765
Burst,65.79,25,1,8,0.045,3.1009,2.4014,0.0025
Burst,66.29,25,1,7,0.0394,3.2722,2.6633,-0.0749
Burst,66.79,25,1,8,0.045,3.064,2.5614,0.215
Burst,67.3,5,0,6,0.0338,3.412,-3.0124,1.3521
Burst,67.8,5,1,2,0.0113,7.5043,-5.7413,3.6037
Burst,67.8,25,1,10,0.0563,3.2089,2.6447,0.2772
Burst,69.87,5,1,5,0.0281,3.0054,-2.6365,0.2265
Burst,69.87,25,1,8,0.045,3.3031,2.7246,0.1473
Burst,70.37,25,1,10,0.0563,3.567,3.0862,0.4694
Burst,70.87,25,1,11,0.0619,3.1041,2.8105,0.0754
Burst,70.87,26,2,1,0.0056,3.194,3.1561,0.4904
Burst,71.38,25,1,11,0.0619,3.1945,2.8524,0.1404
Burst,71.38,26,2,1,0.0056,3.2491,2.9141,1.437
Burst,71.88,25,1,12,0.0675,4.8359,4.1759,1.436
Burst,72.38,25,1,12,0.0675,3.7077,3.2732,0.9769
Burst,75.9,25,1,13,0.0731,3.1671,2.8158,0.2857
Burst,76.9,5,1,5,0.0281,3.9605,-3.5193,0.9815
Burst,77.4,5,1,5,0.0281,3.0623,-2.9104,0.0946
Burst,79.96,5,1,5,0.0281,4.0054,-3.1515,1.0285
Burst,83.48,25,1,13,0.0731,3.175,2.9092,0.2437
Burst,83.99,25,1,10,0.0563,3.1968,2.8546,0.1288
Burst,84.49,5,1,5,0.0281,3.8367,-3.2427,0.3423
Burst,85.99,25,1,17,0.0956,3.0959,2.8059,-0.1524
Burst,86.49,5,1,5,0.0281,3.679,-3.2079,0.8208
Burst,86.49,25,2,1,0.0056,7.8112,5.0953,5.9205
Burst,89.0,5,0,13,0.0731,3.0321,-2.2177,0.4506
Burst,89.5,5,0,11,0.0619,3.2321,-2.1031,0.69
Burst,89.5,5,1,4,0.0225,3.0457,-2.4513,0.7179
Burst,90.0,5,0,11,0.0619,4.0839,-2.8577,1.5934
Burst,90.5,5,1,6,0.0338,4.766,-3.2826,2.2865
Burst,91.0,5,1,6,0.0338,3.0689,-2.0889,0.581
Burst,92.06,5,0,10,0.0563,3.1178,-2.0335,0.3725
Burst,92.56,25,2,1,0.0056,7.6305,6.5813,3.8614
Burst,93.57,26,2,1,0.0056,4.4084,3.9114,2.0334
Burst,96.59,5,1,4,0.0225,4.4475,-3.4444,0.6818
Burst,96.59,12,2,1,0.0056,3.6657,-3.6623,0.157
Burst,97.09,5,1,4,0.0225,3.3678,-2.3522,1.0256
Burst,98.09,5,1,7,0.0394,3.344,-2.3714,1.2243
Burst,98.59,23,2,1,0.0056,3.1734,3.1721,0.0882
Burst,99.09,23,2,1,0.0056,3.2,3.1997,0.0414
Burst,99.59,15,2,1,0.0056,3.1861,3.1751,0.2644
Burst,99.59,24,2,1,0.0056,3.4516,3.4512,0.0568
Burst,100.09,12,2,1,0.0056,3.9524,-3.9489,0.1675
Burst,100.09,24,2,1,0.0056,3.1542,3.1013,-0.5747
Burst,100.59,9,2,1,0.0056,4.963,-4.9621,0.0988
Burst,100.59,15,2,1,0.0056,3.078,-3.0733,0.1705
Burst,101.09,5,0,14,0.0788,3.0255,-2.7172,0.4465
Burst,101.09,5,1,6,0.0338,3.937,-3.559,0.8375
Burst,101.09,24,2,1,0.0056,3.2943,3.2767,-0.3405
Burst,101.6,24,2,1,0.0056,3.3363,3.3362,-0.0169
Burst,102.1,12,2,1,0.0056,4.1348,-4.1301,0.1956
Burst,102.1,24,2,1,0.0056,3.344,3.3438,0.0308
Burst,102.6,24,2,1,0.0056,3.3088,3.2867,0.3818
Burst,103.1,15,2,1,0.0056,3.3245,3.3147,0.2553
Burst,103.6,15,2,1,0.0056,3.1946,-3.1924,0.1176
Burst,106.16,5,1,5,0.0281,3.6533,-3.1654,0.4877
Burst,106.16,15,2,1,0.0056,3.2637,-3.2557,0.2282
Burst,106.66,12,2,1,0.0056,4.3151,-4.3095,0.2184
Burst,107.17,12,2,1,0.0056,4.3635,-4.3571,0.2362
Burst,107.17,15,2,1,0.0056,3.5097,3.4964,0.3061
Burst,108.18,15,2,1,0.0056,3.5393,3.5191,0.3774
Burst,109.69,9,2,1,0.0056,5.4506,-5.4457,0.2316
Burst,110.19,15,2,1,0.0056,3.4714,-3.4665,0.1859
Burst,111.19,26,2,1,0.0056,5.1664,4.4626,2.6033
Burst,112.69,15,2,1,0.0056,3.984,3.9661,0.3775
Burst,113.2,5,1,9,0.0506,4.3415,-3.0769,1.9261
Burst,114.2,15,2,1,0.0056,3.7935,-3.7915,0.1239
Burst,114.7,15,2,1,0.0056,3.2441,3.1689,0.6947
Burst,115.2,12,2,1,0.0056,5.1105,-5.1076,0.1702
Burst,116.2,15,1,2,0.0113,3.1407,-0.7505,0.1931
Burst,116.2,19,2,2,0.0113,3.817,3.7944,0.3541
Burst,116.7,12,2,1,0.0056,5.2214,-5.2191,0.154
Burst,116.7,15,1,2,0.0113,3.083,3.0708,0.2341
Burst,117.2,15,1,2,0.0113,3.1348,3.1211,0.2305
Burst,117.7,5,0,9,0.0506,3.5633,-3.2168,1.0087
Burst,118.26,5,1,10,0.0563,3.2891,-2.4061,0.7496
Burst,118.26,15,1,2,0.0113,3.0726,-0.9557,0.2026
Burst,119.27,5,0,10,0.0563,3.7214,-3.1615,1.4156
Burst,119.27,12,2,1,0.0056,5.1735,-5.1693,0.2092
Burst,119.27,15,1,1,0.0056,3.1243,3.0519,0.6686
Burst,119.77,5,0,11,0.0619,3.0244,-2.564,0.6853
Burst,119.77,12,2,1,0.0056,5.2048,-5.2029,0.1395
Burst,119.77,15,1,2,0.0113,3.1787,-0.813,-0.1451
Burst,120.78,5,1,10,0.0563,3.8949,-2.9167,0.7946
Burst,120.78,12,2,1,0.0056,5.1292,-5.1254,0.1953
Burst,120.78,15,2,1,0.0056,3.2909,3.2131,0.7111
Burst,121.28,15,1,2,0.0113,3.2225,-0.7443,0.0236
Burst,122.79,15,1,2,0.0113,3.2642,3.2443,0.1477
Burst,123.29,15,2,1,0.0056,4.1175,4.0956,0.4238
Burst,124.29,15,1,1,0.0056,4.103,4.0908,0.3169
Burst,124.79,5,1,7,0.0394,3.9427,-3.1473,1.0302
Burst,124.79,9,2,1,0.0056,3.6017,-3.6017,-0.0038
Burst,124.79,15,1,2,0.0113,3.0557,-0.9143,0.1631
Burst,124.79,15,2,1,0.0056,4.2438,4.216,0.485
Burst,125.29,5,1,7,0.0394,3.0863,-2.3666,0.4595
Burst,125.29,15,2,2,0.0113,3.0883,3.0802,0.1373
Burst,125.79,5,0,4,0.0225,4.6707,-4.0992,1.6302
Burst,125.79,6,1,14,0.0788,3.0471,-2.2366,0.827
Burst,126.3,5,0,5,0.0281,5.5496,-4.7046,2.3142
Burst,126.3,5,1,8,0.045,3.8959,-3.3168,0.8114
Burst,126.3,15,2,1,0.0056,4.1981,4.1709,0.4764
Burst,126.8,26,2,1,0.0056,4.2271,3.3861,2.5303
Burst,127.3,12,2,1,0.0056,3.0274,2.9833,0.515
Burst,127.3,15,2,1,0.0056,4.0268,-4.0188,0.2536
Burst,127.3,25,1,16,0.09,3.4591,3.1372,0.2739
Burst,127.8,5,0,6,0.0338,3.9454,-3.2703,2.1381
Burst,127.8,25,2,2,0.0113,5.1746,4.1921,3.0105
Burst,128.3,5,0,6,0.0338,5.2751,-4.2194,2.9581
Burst,128.3,12,2,1,0.0056,3.0061,2.9916,0.2951
Burst,128.8,5,1,12,0.0675,3.2469,-2.724,0.6505
Burst,129.3,5,0,8,0.045,3.2605,-2.8472,1.1388
Burst,129.3,15,2,1,0.0056,4.0053,-4.0021,0.16
Burst,129.8,5,0,8,0.045,3.6749,-3.0901,1.6579
Burst,129.8,23,2,1,0.0056,3.5297,3.4579,0.7083
Burst,130.3,12,2,1,0.0056,5.3433,-5.3386,0.2252
Burst,130.3,15,1,2,0.0113,3.3474,3.3165,-0.028
Burst,130.3,23,2,1,0.0056,3.2409,3.239,0.1104
Burst,130.8,15,1,2,0.0113,3.3043,-0.7645,0.114
Burst,130.8,23,2,1,0.0056,3.2688,3.1647,-0.8185
Burst,131.3,12,2,1,0.0056,3.1004,3.0831,0.327
Burst,131.3,15,1,2,0.0113,3.1455,-1.0442,-0.1269
Burst,131.3,24,2,1,0.0056,3.0778,2.9809,-0.7663
Burst,131.8,12,2,2,0.0113,3.409,-3.3643,-0.1025
Burst,131.8,15,1,2,0.0113,3.4329,3.4223,0.1566
Burst,131.8,24,2,1,0.0056,3.1188,3.086,-0.451
Burst,132.3,12,2,1,0.0056,3.1176,3.089,0.4209
Burst,132.3,15,1,3,0.0169,3.5052,0.7857,0.0546
Burst,132.3,24,2,1,0.0056,3.2552,3.201,-0.5912
Burst,132.8,24,2,1,0.0056,3.0398,2.9705,-0.6453
Burst,133.36,24,2,1,0.0056,3.3934,3.3846,0.245
Burst,133.86,15,1,2,0.0113,3.1367,-1.0546,0.1463
Burst,133.86,24,2,1,0.0056,3.1325,3.1323,-0.0405
Burst,134.88,15,2,1,0.0056,4.3704,4.3521,0.3988
Burst,134.88,26,2,2,0.0113,3.9707,3.1929,1.0773
Burst,136.39,15,1,2,0.0113,3.2449,3.2176,0.0752
Burst,136.89,5,1,7,0.0394,3.5308,-2.7428,1.2654
Burst,136.89,12,2,2,0.0113,3.3987,-3.3624,-0.0882
Burst,137.9,5,0,14,0.0788,3.12,-2.6771,0.8591
Burst,138.4,5,1,8,0.045,4.1371,-2.9122,1.7378
Burst,138.4,12,2,1,0.0056,3.0193,2.9815,0.4761
Burst,138.97,15,1,1,0.0056,4.2535,4.2244,0.4969
Burst,139.48,15,1,3,0.0169,3.0052,0.3272,0.3086
Burst,140.49,15,2,1,0.0056,4.0689,-4.0661,0.1485
Burst,140.99,18,2,1,0.0056,5.4929,5.4707,0.4937
Burst,141.49,5,0,14,0.0788,3.0395,-2.4262,0.3369
Burst,141.99,5,1,9,0.0506,5.1052,-4.034,1.7719
Burst,142.49,5,1,8,0.045,3.2407,-2.5027,0.5305
Burst,142.99,5,0,13,0.0731,3.0167,-2.2668,0.6515
Burst,142.99,15,2,1,0.0056,4.2796,4.2508,0.495
Burst,143.49,26,2,1,0.0056,4.5166,4.1268,1.8355
Burst,143.99,15,1,3,0.0169,3.1544,3.1222,0.4092
Burst,144.49,15,2,1,0.0056,3.822,-3.8059,-0.3506
Burst,145.0,24,2,1,0.0056,12.1598,9.5762,7.4938
Burst,145.5,24,2,1,0.0056,7.8247,6.5743,4.2432
Burst,146.0,5,0,11,0.0619,3.3425,-2.2244,1.3873
Burst,146.0,15,2,1,0.0056,3.9488,-3.9387,0.2823
Burst,146.5,5,1,10,0.0563,3.0091,-2.2297,0.2606
Burst,146.5,9,2,1,0.0056,3.0581,-3.0551,0.1362
Burst,146.5,15,2,3,0.0169,3.5261,3.5113,0.3142
Burst,146.5,23,2,1,0.0056,3.0367,2.6935,1.4024
Burst,147.0,23,2,1,0.0056,3.2109,3.0339,1.0513
Burst,147.5,15,2,1,0.0056,4.2235,4.2018,0.4272
Burst,148.0,5,1,11,0.0619,3.0259,-2.476,0.1236
Burst,148.0,15,2,2,0.0113,3.3312,-0.7001,0.0748
Burst,148.5,5,0,13,0.0731,3.3713,-2.2821,0.5833
Burst,149.0,5,0,12,0.0675,3.6023,-2.6711,0.7401
Burst,149.0,12,2,1,0.0056,3.0474,3.0261,0.3595
Burst,149.0,15,1,1,0.0056,4.0043,-4.0019,0.1396
Burst,149.56,24,2,1,0.0056,3.0938,3.031,0.6204
Burst,150.06,12,2,1,0.0056,3.0382,3.0066,0.4371
Burst,150.06,15,1,2,0.0113,3.1765,-0.8974,-0.1472
Burst,150.06,24,2,1,0.0056,3.3063,3.2189,0.7553
Burst,150.56,5,0,8,0.045,3.2224,-2.7732,0.2695
Burst,150.56,15,2,1,0.0056,3.4259,3.3438,0.7454
Burst,151.06,5,1,8,0.045,3.1579,-2.7451,0.2695
Burst,151.06,12,2,1,0.0056,3.0227,2.9995,0.374
Burst,151.06,15,1,1,0.0056,4.2952,4.2744,0.4217
Burst,151.57,5,0,7,0.0394,3.0324,-2.8481,0.4025
Burst,151.57,15,1,2,0.0113,3.1478,-0.9328,0.1996
Burst,152.07,5,1,6,0.0338,3.3647,-2.9282,0.6554
Burst,152.07,15,1,2,0.0113,3.1347,3.1113,0.3821
Burst,153.08,12,2,1,0.0056,3.0541,3.0325,0.3618
Burst,153.08,15,1,1,0.0056,3.9992,-3.9921,0.2366
Burst,153.58,5,1,7,0.0394,3.3374,-2.733,0.3007
Burst,153.58,12,2,1,0.0056,5.354,-5.3509,0.1831
Burst,154.08,12,2,1,0.0056,5.3317,-5.3279,0.2011
Burst,154.08,15,2,1,0.0056,4.0727,-4.0645,0.2573
Burst,154.58,12,2,2,0.0113,3.4517,-3.394,-0.2092
Burst,155.08,9,2,1,0.0056,6.7587,-6.7563,0.1797
Burst,155.08,12,2,1,0.0056,3.0522,3.029,0.3758
Burst,155.58,5,1,6,0.0338,3.8856,-3.5424,0.9003
Burst,155.58,12,2,1,0.0056,3.094,3.0582,0.4694
Burst,156.08,15,1,2,0.0113,3.0671,-1.1073,0.2286
Burst,156.08,26,2,1,0.0056,4.4274,4.2321,1.3006
Burst,156.58,15,1,2,0.0113,3.2172,3.2064,0.2296
Burst,157.08,15,2,1,0.0056,4.3615,4.3466,0.3597
Burst,157.58,15,1,2,0.0113,3.1135,3.1022,0.1274
Burst,158.09,12,2,1,0.0056,5.4959,-5.4914,0.2229
Burst,158.09,15,1,2,0.0113,3.2195,2.688,-0.6998
Burst,158.59,12,2,1,0.0056,3.17,3.1298,0.5028
Burst,159.09,5,0,10,0.0563,3.128,-2.7287,0.6842
Burst,159.59,15,2,2,0.0113,3.0376,2.9929,0.457
Burst,160.09,5,0,14,0.0788,3.2602,-2.8841,0.7196
Burst,160.59,5,0,13,0.0731,3.0395,-2.5698,0.393
Burst,160.59,12,2,1,0.0056,3.094,3.0559,0.484
Burst,161.09,5,0,12,0.0675,4.0284,-3.296,1.0548
Burst,161.09,15,1,2,0.0113,3.248,3.2308,0.1082
Burst,161.09,15,2,1,0.0056,4.1118,-4.1078,0.1816
Burst,161.59,5,1,6,0.0338,3.0038,-2.2748,0.9436
Burst,161.59,12,2,1,0.0056,5.4294,-5.4219,0.2865
Burst,161.59,15,1,2,0.0113,3.2455,-0.8988,-0.0175
Burst,162.59,5,1,6,0.0338,4.3133,-3.571,1.6649
Burst,162.59,25,2,1,0.0056,4.6347,2.6008,3.8362
Burst,163.1,5,1,6,0.0338,3.369,-3.0726,0.9304
Burst,163.1,12,2,1,0.0056,3.0296,3.0073,0.3675
Burst,163.6,5,0,10,0.0563,3.6944,-2.8688,1.4153
Burst,163.6,15,2,1,0.0056,4.2214,-4.212,0.2822
Burst,164.1,5,1,7,0.0394,5.0331,-4.0762,1.5504
Burst,164.1,12,2,1,0.0056,3.0868,3.058,0.4208
Burst,165.1,15,2,1,0.0056,4.1332,-4.1242,0.2727
Burst,165.1,25,2,2,0.0113,3.5342,2.7543,1.8577
Burst,165.6,12,2,1,0.0056,5.5145,-5.5074,0.2794
Burst,165.6,15,1,2,0.0113,3.0368,-1.0592,-0.0282
Burst,165.6,25,2,3,0.0169,4.1457,3.2173,2.1125
Burst,166.15,12,2,1,0.0056,3.6358,-3.6356,-0.0413
Burst,166.15,15,1,1,0.0056,4.3655,4.3501,0.3656
Burst,166.15,15,2,2,0.0113,3.1063,-1.1384,0.2238
Burst,166.66,15,1,2,0.0113,3.1503,-1.0899,0.0297
Burst,167.17,25,2,4,0.0225,3.2671,2.8402,1.2704
Burst,168.17,15,1,2,0.0113,3.4502,3.4392,0.2691
Burst,168.68,5,0,5,0.0281,4.2414,-2.3883,1.6526
Burst,168.68,12,2,2,0.0113,4.3521,-1.1607,0.2908
Burst,169.18,5,1,5,0.0281,3.907,-3.2331,1.2168
Burst,169.18,12,2,2,0.0113,3.4051,-3.368,-0.0938
Burst,169.68,26,2,2,0.0113,3.9083,1.2396,2.3755
Burst,170.18,12,2,1,0.0056,3.6456,-3.6456,-0.0136
Burst,170.18,15,1,2,0.0113,3.1686,3.1546,0.2905
Burst,171.69,5,0,8,0.045,3.1432,-2.7037,0.9083
Burst,172.19,5,0,9,0.0506,3.2109,-2.7352,1.0041
Burst,172.19,5,1,6,0.0338,3.4175,-2.9294,0.5875
Burst,172.19,15,1,1,0.0056,3.4941,3.4141,0.7436
Burst,172.19,26,2,2,0.0113,3.0927,2.8296,1.2367
Burst,173.19,5,0,11,0.0619,3.3454,-2.4752,1.4158
Burst,173.19,5,1,7,0.0394,3.2004,-2.833,0.3472
Burst,173.69,5,0,11,0.0619,4.1488,-2.941,2.2155
Burst,173.69,5,1,9,0.0506,3.1998,-2.8679,0.4119
Burst,174.19,5,0,10,0.0563,3.5518,-2.5769,1.7028
Burst,174.19,5,1,12,0.0675,3.7117,-3.1433,0.9648
Burst,174.69,5,0,8,0.045,3.2012,-2.8059,1.063
Burst,174.69,5,1,15,0.0844,3.9064,-3.0219,1.3721
Burst,174.69,12,2,1,0.0056,3.6724,-3.6723,0.0256
Burst,174.69,15,1,2,0.0113,3.398,3.3871,0.2389
Burst,175.2,5,1,14,0.0788,3.4229,-2.5509,0.9743
Burst,175.2,12,2,1,0.0056,3.1275,3.0862,0.5065
Burst,175.2,15,2,1,0.0056,4.1447,-4.14,0.198
Burst,175.2,25,2,2,0.0113,4.67,3.3286,1.6195
Burst,175.7,5,1,17,0.0956,3.0619,-2.307,0.5683
Burst,175.7,12,2,1,0.0056,5.4048,-5.4018,0.1789
Burst,176.2,5,0,9,0.0506,3.4312,-2.5687,0.0699
Burst,177.2,15,1,2,0.0113,3.2238,3.2042,0.3521
Burst,177.7,15,1,2,0.0113,3.1907,-0.9026,-0.0987
Burst,177.7,23,2,1,0.0056,3.0156,2.9161,-0.7679
Burst,178.25,12,2,1,0.0056,5.3318,-5.3276,0.2122
Burst,179.77,26,2,1,0.0056,3.2151,3.0988,0.857
Burst,180.28,23,2,1,0.0056,4.5711,4.4007,1.2364
Burst,180.28,26,2,1,0.0056,3.448,2.9921,1.7135
Burst,180.78,24,2,1,0.0056,11.6346,9.346,6.9294
Burst,181.28,12,2,1,0.0056,5.258,-5.2518,0.255
Burst,181.28,15,1,2,0.0113,3.0044,2.9239,0.0242
Burst,181.78,24,2,1,0.0056,4.1225,3.8691,1.4229
Burst,182.28,15,1,2,0.0113,3.2421,3.2225,0.0215
Burst,182.79,5,0,8,0.045,3.4423,-2.9568,1.4534
Burst,183.29,12,2,1,0.0056,5.1646,-5.1597,0.2239
Burst,183.29,15,1,2,0.0113,3.6529,3.611,0.5167
Burst,183.79,5,0,9,0.0506,3.3157,-2.8212,1.2875
Burst,183.79,9,2,1,0.0056,4.0018,-4.0017,-0.0165
Burst,183.79,26,2,2,0.0113,3.6028,3.344,0.811
Burst,184.29,5,1,11,0.0619,3.3165,-2.9269,0.5396
Burst,184.79,15,2,1,0.0056,4.1122,4.0948,0.3774
Burst,185.29,5,0,8,0.045,3.1435,-2.3282,1.2938
Burst,186.29,15,2,1,0.0056,3.8994,-3.8981,0.102
Burst,186.29,19,2,1,0.0056,5.3028,5.2857,0.4258
Burst,186.29,23,2,1,0.0056,10.022,8.3481,5.5452
Burst,186.8,15,2,2,0.0113,3.3434,3.3351,0.1759
Burst,186.8,24,2,1,0.0056,10.6431,8.8971,5.8411
Burst,186.8,25,1,13,0.0731,3.0053,2.6282,0.381
Burst,187.86,5,0,4,0.0225,3.8711,-3.4745,1.6214
Burst,188.36,5,1,9,0.0506,3.0453,-2.6369,0.6582
Burst,188.36,15,1,1,0.0056,3.8526,-3.8511,0.1108
Burst,188.87,15,2,1,0.0056,4.0736,4.0618,0.3099
Burst,190.38,25,1,16,0.09,3.5045,3.2411,0.3727
Burst,190.88,15,1,1,0.0056,4.014,4.0026,0.3036
Burst,190.88,24,2,1,0.0056,11.4512,9.1609,6.8707
Burst,190.88,25,2,2,0.0113,5.9768,4.5019,3.0649
Burst,191.38,12,2,1,0.0056,5.0595,-5.0515,0.2838
Burst,191.38,15,1,2,0.0113,3.3529,3.334,0.0356
Burst,191.38,24,2,1,0.0056,9.2332,7.7703,4.9874
Burst,191.88,12,2,2,0.0113,3.1064,-3.0637,-0.0987
Burst,191.88,15,1,2,0.0113,3.1132,3.0958,0.0229
Burst,191.88,26,2,2,0.0113,3.2326,1.4512,1.698
Burst,192.39,12,2,1,0.0056,4.9571,-4.9518,0.2275
Burst,192.39,15,1,2,0.0113,3.1155,3.0971,-0.0104
Burst,192.39,18,2,1,0.0056,4.3149,4.2613,0.6785
Burst,192.89,15,2,1,0.0056,4.085,4.0634,0.4198
Burst,193.39,15,2,2,0.0113,3.0634,-0.7881,0.02
Burst,194.39,5,0,2,0.0113,3.0066,-3.0056,0.0186
Burst,194.39,12,2,1,0.0056,5.0214,-5.0199,0.1212
Burst,194.89,9,2,1,0.0056,6.1973,-6.1966,0.0895
Burst,194.89,15,2,1,0.0056,3.8469,-3.8459,0.0863
Burst,195.89,15,1,1,0.0056,4.0627,4.0484,0.3404
Burst,195.89,24,1,14,0.0788,3.0999,2.8482,0.7423
Burst,196.9,5,0,6,0.0338,4.4526,-3.6733,1.509
Burst,196.9,5,1,3,0.0169,3.6293,-3.454,0.1067
Burst,196.9,25,1,14,0.0788,3.1234,2.9138,-0.3344
Burst,197.4,5,0,7,0.0394,3.873,-3.228,0.7545
Burst,197.4,5,1,4,0.0225,3.6532,-2.9933,0.998
Burst,197.4,9,2,1,0.0056,6.2687,-6.263,0.268
Burst,197.4,12,2,2,0.0113,3.2008,-0.268,0.2333
Burst,197.9,5,1,6,0.0338,3.0828,-2.5351,0.7878
Burst,197.9,12,2,2,0.0113,3.3614,-3.2051,-0.3359
Burst,197.9,15,1,2,0.0113,3.6114,-0.3427,0.4601
Burst,198.4,9,2,1,0.0056,6.3709,-6.3669,0.2259
Burst,198.9,5,1,6,0.0338,3.6702,-3.1767,0.6386
Burst,198.9,12,2,1,0.0056,5.0857,-5.0824,0.1838
Burst,198.9,15,1,2,0.0113,3.0062,2.93,0.0401
Burst,198.9,25,1,14,0.0788,3.1511,2.7751,-0.1953
Burst,199.41,5,1,7,0.0394,3.1354,-2.721,0.3587
Burst,199.96,5,0,9,0.0506,3.4249,-3.0593,1.1682
Burst,199.96,5,1,7,0.0394,3.4761,-2.6564,0.7847
Burst,199.96,15,2,1,0.0056,3.2865,3.2091,0.7092
Burst,200.97,5,0,11,0.0619,3.3427,-3.0468,0.5306
Burst,200.97,15,2,1,0.0056,3.8404,-3.8372,0.1571
Burst,201.47,5,0,10,0.0563,3.8609,-3.2878,1.0732
Burst,201.98,5,0,9,0.0506,3.5309,-2.9544,0.9342
Burst,201.98,5,1,7,0.0394,3.4277,-2.3231,0.4505
Burst,201.98,15,1,1,0.0056,4.1369,4.1201,0.3715
Burst,203.48,12,2,2,0.0113,3.3448,-3.2961,-0.2041
Burst,203.48,15,1,2,0.0113,3.1156,3.1046,0.2428
Burst,203.98,5,1,7,0.0394,3.2111,-2.3318,0.1931
Burst,203.98,25,1,11,0.0619,3.1178,2.7656,0.2214
Burst,204.48,5,1,7,0.0394,3.8165,-3.1591,0.5589
Burst,204.98,15,2,2,0.0113,3.1888,0.893,0.24
Burst,205.49,5,1,7,0.0394,4.6349,-3.7614,1.198
Burst,205.49,6,1,14,0.0788,3.2091,-2.0854,0.9356
Burst,205.49,24,1,16,0.09,3.0047,2.7239,0.6171
Burst,205.99,5,1,9,0.0506,4.5101,-3.8131,1.0808
Burst,206.49,5,0,8,0.045,3.4273,-3.1577,0.6009
Burst,206.49,15,1,1,0.0056,3.8224,-3.8203,0.1277
Burst,206.99,15,2,1,0.0056,3.8202,-3.813,0.2352
Burst,207.49,5,0,8,0.045,3.3433,-3.0342,0.8339
Burst,207.49,5,1,11,0.0619,3.0322,-2.3829,0.3641
Burst,207.49,15,1,2,0.0113,4.0986,4.0785,0.4032
Burst,207.99,5,0,8,0.045,4.8232,-3.9947,2.331
Burst,207.99,12,2,1,0.0056,5.0667,-5.0607,0.2462
Burst,208.49,5,0,4,0.0225,5.3424,-4.5817,2.6178
Burst,208.49,5,1,12,0.0675,3.53,-2.8822,1.0924
Burst,208.49,15,2,1,0.0056,3.8551,-3.8506,0.1851
Burst,208.99,5,0,3,0.0169,4.4013,-4.0491,1.5769
Burst,209.49,12,2,1,0.0056,5.0295,-5.022,0.2742
Burst,210.0,12,2,1,0.0056,5.1167,-5.1142,0.162
Burst,210.0,15,1,1,0.0056,4.1238,4.1119,0.3137
Burst,210.0,15,2,1,0.0056,3.8544,-3.8466,0.2449
Burst,210.5,12,2,1,0.0056,5.1073,-5.1011,0.2506
Burst,211.0,5,1,12,0.0675,4.3581,-3.4725,1.0508
Burst,211.5,5,0,1,0.0056,3.0145,-2.8322,-1.0323
Burst,211.5,15,1,2,0.0113,3.2037,-0.6929,0.0275
Burst,212.06,5,0,1,0.0056,3.2868,-3.2647,0.38
Burst,212.06,15,1,1,0.0056,4.1937,4.1798,0.3411
Burst,212.56,5,0,2,0.0113,3.5249,-3.2181,1.2197
Burst,212.56,12,2,1,0.0056,5.1929,-5.1877,0.2328
Burst,212.56,15,2,1,0.0056,3.9722,-3.9692,0.1531
Burst,213.07,5,0,3,0.0169,3.4269,-3.1232,1.0215
Burst,213.07,15,2,2,0.0113,3.0028,-0.9393,0.1254
Burst,213.07,23,2,1,0.0056,6.0906,5.3403,2.9287
Burst,213.57,24,2,1,0.0056,11.631,9.4537,6.7754
Burst,214.07,24,2,1,0.0056,4.7501,4.3343,1.9436
Burst,214.58,15,1,1,0.0056,4.0019,-3.9943,0.2467
Burst,215.09,5,0,8,0.045,3.0265,-2.7749,0.2932
Burst,215.09,12,2,1,0.0056,5.2472,-5.2453,0.1394
Burst,215.09,15,1,2,0.0113,3.0938,-0.9204,0.1708
Burst,215.59,5,1,7,0.0394,3.1746,-2.5576,0.1977
Burst,216.09,5,1,6,0.0338,3.0921,-2.6177,0.2646
Burst,216.09,12,2,1,0.0056,3.0249,2.9907,0.4536
Burst,216.09,15,1,2,0.0113,3.2836,3.2528,0.0518
Burst,216.59,5,1,5,0.0281,3.921,-3.269,0.7562
Burst,216.59,15,2,1,0.0056,4.2029,4.1777,0.459
Burst,217.09,12,2,1,0.0056,3.0215,2.9784,0.5088
Burst,217.09,15,1,2,0.0113,4.1095,0.085,0.2732
Burst,217.59,5,1,10,0.0563,3.2117,-2.8352,0.2144
Burst,218.09,15,2,1,0.0056,4.0157,-4.0122,0.1679
Burst,218.09,19,2,1,0.0056,5.4368,5.4115,0.5247
Burst,219.1,15,2,1,0.0056,4.1975,4.1715,0.466
Burst,219.6,9,2,1,0.0056,6.3488,-6.346,0.1865
Burst,219.6,15,1,2,0.0113,4.1874,4.1682,0.3911
Burst,220.1,12,2,1,0.0056,5.1648,-5.1612,0.1932
Burst,220.1,23,2,1,0.0056,9.868,7.9486,5.8478
Burst,220.6,12,2,1,0.0056,5.1846,-5.1828,0.1384
Burst,220.6,24,2,1,0.0056,10.9548,8.9699,6.2887
Burst,221.1,5,0,12,0.0675,3.8988,-3.2982,1.452
Burst,221.1,15,2,1,0.0056,4.1388,4.1145,0.4483
Burst,221.6,5,1,11,0.0619,5.7765,-4.3421,2.5242
Burst,222.1,5,1,10,0.0563,3.1015,-2.3649,0.7571
Burst,222.1,15,2,1,0.0056,4.1925,4.169,0.4432
Burst,222.6,5,0,11,0.0619,3.3598,-2.7565,0.4921
Burst,222.6,9,2,1,0.0056,3.9688,-3.9688,-0.0024
Burst,222.6,12,2,1,0.0056,5.1107,-5.1047,0.2482
Burst,223.16,5,0,11,0.0619,3.1068,-2.77,0.2583
Burst,223.16,15,1,1,0.0056,3.8983,-3.8938,0.189
Burst,223.67,5,0,11,0.0619,3.1482,-2.3447,-0.3745
Burst,223.67,12,2,1,0.0056,5.0022,-5.0006,0.1252
Burst,224.17,15,1,2,0.0113,3.1169,-0.8844,-0.1327
Burst,224.67,5,0,12,0.0675,3.0376,-2.3063,0.2264
Burst,225.17,5,0,11,0.0619,3.1348,-2.2419,0.6659
Burst,225.17,5,1,9,0.0506,4.1533,-2.5267,1.7066
Burst,225.17,15,1,2,0.0113,3.1874,3.1679,-0.0258
Burst,225.68,5,0,11,0.0619,3.3547,-2.4351,0.9629
Burst,225.68,5,1,9,0.0506,3.0883,-1.6368,0.9793
Burst,225.68,12,2,1,0.0056,5.1097,-5.1021,0.2787
Burst,225.68,25,2,3,0.0169,3.8754,2.3625,1.2143
Burst,226.18,15,2,1,0.0056,4.0865,4.0651,0.4178
Burst,226.68,5,1,8,0.045,3.3305,-2.4703,0.5236
Burst,226.68,15,1,2,0.0113,3.9766,0.1382,0.2159
Burst,227.68,5,0,5,0.0281,5.897,-4.1613,2.8462
Burst,228.19,5,0,3,0.0169,3.2732,-1.1491,1.0268
Burst,228.19,5,1,12,0.0675,3.7009,-2.732,1.1386
Burst,228.69,5,0,4,0.0225,4.1259,-2.6974,1.5329
Burst,228.69,15,2,1,0.0056,3.7879,-3.7835,0.1819
Burst,229.19,5,0,3,0.0169,3.0599,-2.7048,0.6683
Burst,230.19,5,0,1,0.0056,4.572,-3.4442,3.0068
Burst,231.19,5,0,3,0.0169,4.3816,-2.9489,1.0528
Burst,231.19,15,1,1,0.0056,3.8552,-3.8475,0.2444
Burst,231.69,5,1,12,0.0675,3.8318,-2.6805,1.0995
Burst,231.69,12,2,2,0.0113,5.0518,-5.0479,0.1984
Burst,232.69,9,2,1,0.0056,5.9418,-5.9328,-0.3261
Burst,232.69,18,2,1,0.0056,5.1906,5.1817,0.3047
Burst,233.2,5,1,10,0.0563,3.5335,-3.0032,0.7926
Burst,233.2,9,2,1,0.0056,6.1118,-6.1063,0.2587
Burst,233.2,12,2,1,0.0056,4.9653,-4.9641,0.1092
Burst,233.2,15,1,3,0.0169,3.1419,-0.195,-0.2459
Burst,233.2,24,1,15,0.0844,3.0721,2.9253,0.3613
Burst,233.7,5,1,12,0.0675,3.5326,-3.1019,0.6222
Burst,233.7,9,2,2,0.0113,3.755,-3.7138,-0.0918
Burst,234.2,12,2,1,0.0056,4.969,-4.9662,0.1669
Burst,234.2,15,1,1,0.0056,4.0627,4.0523,0.2903
Burst,234.2,15,2,1,0.0056,3.7686,-3.7618,0.2254
Burst,234.2,24,2,2,0.0113,5.9227,2.6428,4.1547
Burst,234.7,5,0,2,0.0113,5.8133,-5.0717,2.2165
Burst,234.7,15,2,1,0.0056,4.1246,4.1061,0.3904
Burst,234.7,24,2,2,0.0113,5.7001,3.2768,3.37
Burst,234.7,25,2,2,0.0113,3.3776,1.407,2.156
Burst,235.2,15,1,1,0.0056,3.9551,-3.9533,0.1199
Burst,235.7,8,0,1,0.0056,3.1095,-3.0291,-0.7028
Burst,235.7,9,2,1,0.0056,6.3012,-6.2954,0.27
Burst,235.7,12,2,1,0.0056,5.2099,-5.2042,0.2438
Burst,236.2,15,1,2,0.0113,3.184,3.1669,0.097
Burst,236.76,9,2,1,0.0056,4.6843,-4.6842,-0.0309
Burst,236.76,12,2,1,0.0056,5.2725,-5.265,0.2813
Burst,237.26,15,2,1,0.0056,3.4396,3.3635,0.7196
Burst,237.26,24,2,1,0.0056,4.455,4.1919,1.5082
Burst,237.76,23,2,1,0.0056,3.3755,3.3754,-0.0173
Burst,238.28,12,2,1,0.0056,5.3125,-5.3064,0.2541
Burst,238.28,23,2,1,0.0056,3.4494,3.2604,1.1261
Burst,238.78,12,2,1,0.0056,3.0749,3.0568,0.3331
Burst,238.78,15,2,1,0.0056,4.1423,-4.1346,0.2523
Burst,238.78,24,2,1,0.0056,3.3777,3.3459,0.4624
Burst,239.28,9,2,1,0.0056,6.661,-6.6567,0.2411
Burst,239.28,24,2,1,0.0056,3.2859,3.2815,-0.1715
Burst,239.78,5,1,7,0.0394,3.8823,-3.1683,0.7847
Burst,239.78,15,1,2,0.0113,3.2411,3.2286,0.272
Burst,239.78,24,2,1,0.0056,3.3879,3.3155,-0.6968
Burst,239.78,25,1,15,0.0844,3.2128,2.8742,0.408
Burst,240.29,24,2,1,0.0056,3.0089,2.9161,-0.7416
Burst,240.79,12,2,1,0.0056,5.3435,-5.3388,0.2235
Burst,240.79,24,2,1,0.0056,3.1883,3.1849,0.1462
Burst,241.29,12,2,1,0.0056,3.0446,3.0096,0.4604
Burst,241.29,15,1,1,0.0056,4.0558,-4.0551,0.078
Burst,241.29,15,2,2,0.0113,3.1505,-0.9077,0.1727
Burst,241.29,24,2,1,0.0056,3.2835,3.2776,-0.1975
Burst,241.79,12,2,1,0.0056,3.0647,3.0347,0.4274
Burst,241.79,15,2,2,0.0113,3.1836,3.1739,0.2302
Burst,242.29,5,0,5,0.0281,3.1854,-2.7755,-0.0413
Burst,242.29,5,1,7,0.0394,3.4333,-3.0918,0.4715
Burst,242.29,15,1,1,0.0056,4.081,-4.0752,0.2176
Burst,242.79,5,0,5,0.0281,4.613,-4.02,1.4084
Burst,242.79,12,2,1,0.0056,5.3154,-5.3101,0.2375
Burst,243.29,5,1,8,0.045,3.5861,-3.1945,0.3426
Burst,243.79,5,1,10,0.0563,3.0052,-2.6039,-0.0976
Burst,243.79,15,1,2,0.0113,3.0624,3.0457,0.3085
Burst,243.79,15,2,1,0.0056,4.2719,4.2592,0.3293
Burst,244.3,12,2,1,0.0056,3.1138,3.0715,0.5117
Burst,244.3,15,1,3,0.0169,3.0149,2.9835,0.1066
Burst,244.8,5,0,8,0.045,3.4946,-3.1202,0.7675
Burst,244.8,12,2,1,0.0056,3.1087,3.0749,0.4571
Burst,245.8,12,2,1,0.0056,3.0946,3.0633,0.4394
Burst,245.8,15,1,1,0.0056,4.1377,-4.1309,0.2356
Burst,246.3,12,2,1,0.0056,5.4244,-5.4202,0.2127
Burst,246.3,15,1,2,0.0113,3.4285,3.4191,0.2147
Burst,246.3,25,1,14,0.0788,3.4431,3.1011,0.4764
Burst,246.8,5,1,9,0.0506,3.0347,-2.246,0.2019
Burst,246.8,25,1,13,0.0731,3.6034,3.2341,0.5688
Burst,247.3,15,2,1,0.0056,4.136,-4.1336,0.1416
Burst,247.3,25,1,15,0.0844,3.5538,3.1477,0.7972
Burst,247.8,5,1,9,0.0506,3.0014,-2.251,0.3641
Burst,247.8,15,1,2,0.0113,3.0597,-1.1232,0.1654
Burst,247.8,25,1,13,0.0731,3.1112,2.8875,0.0006
Burst,248.87,12,2,1,0.0056,3.1322,3.1143,0.3347
Burst,248.87,15,1,3,0.0169,3.456,-1.9723,-0.1737
Burst,249.37,12,2,1,0.0056,3.7243,-3.7242,-0.0227
Burst,249.88,5,1,8,0.045,3.1721,-2.4191,0.2681
Burst,249.88,12,2,2,0.0113,3.3042,-3.2522,-0.1011
Burst,250.38,5,1,8,0.045,3.0633,-2.1971,0.5632
Burst,250.89,15,1,1,0.0056,4.1114,-4.108,0.1673
Burst,250.89,15,2,1,0.0056,3.5793,3.4983,0.757
Burst,251.39,5,0,15,0.0844,3.3372,-2.9142,1.3337
Burst,251.89,15,1,2,0.0113,3.4369,-0.7513,0.1401
Burst,251.89,24,1,14,0.0788,3.1462,2.8529,0.6495
Burst,252.39,9,2,1,0.0056,6.7315,-6.7247,0.3031
Burst,253.89,5,1,8,0.045,3.3378,-2.5933,0.4168
Burst,253.89,12,2,1,0.0056,5.2595,-5.2464,-0.3722
Burst,254.39,5,0,12,0.0675,3.6752,-3.2214,1.2154
Burst,254.39,9,2,1,0.0056,6.7287,-6.7216,0.3091
Burst,254.39,12,2,1,0.0056,3.1528,3.1243,0.4229
Burst,254.89,5,0,11,0.0619,3.6178,-3.0831,1.222
Burst,255.39,5,0,11,0.0619,3.334,-2.9739,1.1328
Burst,255.39,15,2,1,0.0056,4.1131,-4.1065,0.2326
Burst,255.9,15,1,2,0.0113,3.2239,3.211,0.0641
Burst,256.4,12,2,1,0.0056,3.1311,3.0892,0.5105
Burst,256.4,15,1,2,0.0113,3.2647,3.2492,0.3158
Burst,256.9,5,1,13,0.0731,3.263,-2.6645,0.6148
Burst,256.9,12,2,1,0.0056,3.1173,3.0871,0.4327
Burst,257.9,15,1,1,0.0056,4.0576,-4.0567,0.0884
Burst,258.4,9,2,1,0.0056,4.7916,-4.7916,-0.0149
Burst,258.4,15,1,3,0.0169,3.5595,0.7429,0.1491
Burst,258.9,12,2,1,0.0056,3.3026,-3.3026,0.0043
Burst,259.9,12,2,1,0.0056,5.4289,-5.426,0.1768
Burst,259.9,15,1,2,0.0113,3.3654,3.3498,0.2509
Burst,260.4,9,2,1,0.0056,6.642,-6.64,0.164
Burst,260.9,9,2,1,0.0056,3.0046,-3.0045,-0.0192
Burst,260.9,12,2,1,0.0056,3.1637,3.1372,0.4091
Burst,260.9,15,1,1,0.0056,4.0539,-4.0486,0.2079
Burst,261.46,5,0,6,0.0338,3.9555,-3.2777,1.1715
Burst,261.46,5,1,13,0.0731,3.2794,-2.4111,0.7053
Burst,261.46,12,2,1,0.0056,5.5111,-5.5087,0.163
Burst,261.46,25,1,18,0.1013,3.2464,2.9549,0.0482
Burst,261.96,5,0,6,0.0338,4.5134,-3.6255,1.9533
Burst,261.96,5,1,13,0.0731,3.2633,-2.3662,0.6021
Burst,261.96,12,2,2,0.0113,3.3937,-3.3513,-0.1408
Burst,261.96,15,1,2,0.0113,3.1379,-0.9821,0.0766
Burst,262.47,15,2,1,0.0056,3.4831,3.4024,0.7454
Burst,262.47,24,2,1,0.0056,10.9324,8.6605,6.6719
Burst,262.98,12,2,1,0.0056,3.0922,3.0537,0.4864
Burst,262.98,15,1,3,0.0169,3.3884,0.6332,-0.1059
Burst,262.98,24,2,1,0.0056,9.3914,7.8207,5.1994
Burst,263.98,5,0,6,0.0338,3.5017,-3.1939,1.2296
Burst,263.98,15,1,2,0.0113,3.2548,3.2275,0.1291
Burst,264.48,5,1,11,0.0619,3.3399,-2.2713,0.6606
Burst,264.98,5,0,7,0.0394,3.6303,-3.0303,1.0017
Burst,265.49,15,1,4,0.0225,3.0705,-1.0976,0.088
Burst,265.99,5,0,6,0.0338,3.1181,-2.6766,1.2772
Burst,265.99,12,2,2,0.0113,5.4015,-5.3945,0.2708
Burst,265.99,15,2,1,0.0056,3.4511,3.3667,0.7585
Burst,266.49,15,1,1,0.0056,4.4541,4.4358,0.4025
Burst,266.99,5,0,3,0.0169,3.302,-2.509,1.8783
Burst,266.99,15,1,1,0.0056,4.36,4.3391,0.4267
Burst,267.49,5,0,3,0.0169,3.2466,-2.2754,1.0714
Burst,267.49,12,2,1,0.0056,5.4913,-5.4891,0.1539
Burst,267.49,15,1,2,0.0113,3.1857,3.1754,0.0777
Burst,267.49,25,2,2,0.0113,4.6802,2.8886,2.6845
Burst,267.99,5,0,3,0.0169,3.0655,-1.9706,1.6862
Burst,267.99,15,1,2,0.0113,3.233,3.2196,0.2067
Burst,267.99,25,2,4,0.0225,3.8841,2.4059,2.2646
Burst,268.49,12,2,1,0.0056,5.4883,-5.4882,0.0283
Burst,269.0,15,2,1,0.0056,4.4288,4.4141,0.3603
Burst,269.5,5,1,7,0.0394,3.2762,-2.276,0.7916
Burst,269.5,9,2,1,0.0056,6.6397,-6.6378,0.1585
Burst,269.5,12,2,1,0.0056,5.3973,-5.3899,0.2817
Burst,270.0,5,1,7,0.0394,3.5865,-2.4263,0.798
Burst,270.0,12,2,1,0.0056,3.1933,3.1645,0.4278
Burst,270.0,15,2,1,0.0056,4.1531,-4.1511,0.1274
Burst,270.0,25,1,13,0.0731,3.5744,3.1053,0.5209
Burst,270.5,5,0,3,0.0169,5.0797,-4.3078,2.6568
Burst,270.5,5,1,8,0.045,3.3005,-2.2749,0.4732
Burst,270.5,15,2,2,0.0113,3.3049,3.2953,0.1305
Burst,270.5,25,1,14,0.0788,3.8037,3.1757,0.348
Burst,271.0,5,0,2,0.0113,3.4109,-2.6458,2.0651
Burst,271.0,5,1,9,0.0506,4.0704,-3.5116,0.9058
Burst,271.0,12,2,1,0.0056,5.4938,-5.4872,0.2696
Burst,271.0,15,1,2,0.0113,3.4509,3.4439,0.1206
Burst,271.0,25,1,14,0.0788,3.5371,3.0079,0.3166
Burst,271.5,15,2,2,0.0113,3.0623,-1.2041,0.1982
Burst,272.0,5,1,8,0.045,3.1604,-2.737,0.4055
Burst,272.0,12,2,1,0.0056,5.5599,-5.5577,0.1561
Burst,272.0,15,1,2,0.0113,3.1368,-1.1261,-0.038
Burst,272.5,9,2,1,0.0056,3.4039,-3.4025,0.0995
Burst,272.5,15,1,2,0.0113,3.3027,3.2947,0.2123
Burst,273.05,15,1,2,0.0113,3.2636,-1.0522,-0.0186
Burst,273.56,15,2,1,0.0056,4.3947,-4.3923,0.1443
Burst,273.56,19,2,1,0.0056,5.874,5.8599,0.407
Burst,274.07,25,1,15,0.0844,3.0125,2.7374,0.306
Burst,275.08,15,1,1,0.0056,4.4904,4.4787,0.3238
Burst,275.58,9,2,1,0.0056,7.0454,-7.0435,0.1627
Burst,276.08,5,0,6,0.0338,3.9193,-3.3261,1.2669
Burst,276.08,5,1,8,0.045,3.1685,-2.7496,0.0719
Burst,276.08,15,2,2,0.0113,3.5899,-0.8182,0.1471
Burst,276.58,15,2,2,0.0113,3.4297,3.4207,0.1733
Burst,277.08,12,2,2,0.0113,3.1815,-3.1809,0.0584
Burst,277.08,15,1,1,0.0056,4.5583,4.5451,0.3467
Burst,277.58,15,2,2,0.0113,4.5044,0.0895,0.3411
Burst,278.08,15,1,1,0.0056,4.3162,-4.3131,0.1627
Burst,278.59,12,2,1,0.0056,5.5001,-5.4874,-0.3734
Burst,278.59,25,1,12,0.0675,3.2991,3.0811,0.4871
Burst,279.09,5,1,8,0.045,3.4522,-2.5937,0.5038
Burst,279.09,12,2,1,0.0056,5.7561,-5.7515,0.2322
Burst,279.09,15,2,2,0.0113,3.2002,-1.1912,0.0652
Burst,279.59,5,1,9,0.0506,3.4656,-2.7853,0.6233
Burst,279.59,15,1,1,0.0056,4.6329,4.6191,0.3576
Burst,280.09,5,0,12,0.0675,3.02,-2.7386,0.7435
Burst,280.09,15,1,3,0.0169,3.602,0.7215,0.1617
Burst,280.09,24,1,17,0.0956,3.0992,2.851,0.6756
Burst,280.59,5,0,12,0.0675,3.0403,-2.7797,0.7679
Burst,280.59,5,1,10,0.0563,3.9354,-3.115,1.3978
Burst,280.59,25,2,5,0.0281,3.5855,2.7191,2.2363
Burst,281.09,15,1,2,0.0113,3.8219,-1.8347,-0.0966
Burst,281.59,5,0,12,0.0675,3.3759,-2.9346,1.2555
Burst,281.59,12,2,1,0.0056,5.685,-5.6841,0.103
Burst,281.59,15,1,2,0.0113,3.3548,-0.9546,0.0781
Burst,282.09,5,0,12,0.0675,3.7451,-3.2134,1.3475
Burst,282.59,15,2,2,0.0113,3.0424,3.0253,0.3164
Burst,283.1,5,0,12,0.0675,3.1753,-2.8067,1.108
Burst,283.6,5,1,9,0.0506,3.321,-2.2381,0.9161
Burst,283.6,12,2,1,0.0056,5.6732,-5.6712,0.1535
Burst,283.6,24,1,15,0.0844,3.0123,2.7667,0.7976
Burst,284.1,15,1,1,0.0056,4.5376,4.5138,0.4644
Burst,284.6,12,2,1,0.0056,3.1237,3.097,0.4072
Burst,284.6,15,2,1,0.0056,3.5855,3.501,0.7738
Burst,284.6,25,2,3,0.0169,4.1216,2.2963,2.5408
Burst,284.6,26,2,3,0.0169,3.1751,2.9249,1.1293
Burst,285.1,15,1,1,0.0056,4.1995,-4.192,0.2506
Burst,285.6,12,2,1,0.0056,3.1425,3.1196,0.3788
Burst,285.6,15,1,3,0.0169,3.6864,0.8829,0.1035
Burst,286.1,9,2,1,0.0056,6.7552,-6.7512,0.2333
Burst,287.16,15,1,2,0.0113,3.1589,-1.0391,0.0481
Burst,287.67,12,2,1,0.0056,3.1849,3.1601,0.397
Burst,287.67,15,1,2,0.0113,3.0219,2.9802,0.4181
Burst,287.67,15,2,1,0.0056,4.4753,4.4598,0.3729
Burst,288.17,12,2,1,0.0056,3.1935,3.1599,0.4625
Burst,288.68,12,2,1,0.0056,5.5437,-5.5416,0.1526
Burst,289.18,12,2,1,0.0056,3.2224,3.1895,0.459
Burst,289.69,26,2,3,0.0169,3.0402,1.5633,1.2115
Burst,290.19,12,2,1,0.0056,3.1328,3.0975,0.4693
Burst,290.19,15,2,1,0.0056,4.2086,-4.2026,0.2245
Burst,291.69,12,2,1,0.0056,3.0687,3.0533,0.3077
Burst,291.69,15,1,2,0.0113,3.2218,-0.8995,0.1187
Burst,292.19,5,0,6,0.0338,4.4866,-3.9187,1.9767
Burst,292.19,5,1,9,0.0506,3.0698,-2.6856,0.3663
Burst,292.69,5,0,7,0.0394,5.1751,-4.3747,2.4945
Burst,292.69,15,1,1,0.0056,4.1979,-4.1866,0.3078
Burst,293.19,5,1,8,0.045,3.5031,-2.9462,0.3923
Burst,293.19,12,2,1,0.0056,5.4094,-5.4029,0.2666
Burst,293.19,15,1,2,0.0113,3.2937,-0.8349,0.1542
Burst,293.7,12,2,1,0.0056,3.1215,3.0799,0.5083
Burst,293.7,15,2,1,0.0056,4.3485,4.3318,0.3812
Burst,294.2,5,0,2,0.0113,3.2108,-2.6606,1.5067
Burst,294.7,5,0,2,0.0113,3.7657,-3.0045,2.0047
Burst,294.7,12,2,1,0.0056,5.3993,-5.3936,0.2485
Burst,294.7,15,1,2,0.0113,3.1638,3.1466,0.3295
Burst,295.2,5,0,3,0.0169,3.4547,-3.033,1.4879
Burst,295.2,5,1,7,0.0394,3.1574,-2.5103,0.2418
Burst,295.2,12,2,1,0.0056,3.1572,3.1201,0.4823
Burst,295.2,15,1,2,0.0113,4.2907,0.0766,0.3682
Burst,295.7,5,0,4,0.0225,4.1124,-3.7622,1.5412
Burst,295.7,12,2,1,0.0056,3.1433,3.1201,0.3814
Burst,295.7,15,2,2,0.0113,3.0701,-1.1571,0.2355
Burst,295.7,24,2,1,0.0056,7.1848,6.1455,3.7221
Burst,296.2,5,0,2,0.0113,3.2688,-3.0058,1.2455
Burst,296.2,5,1,10,0.0563,4.5591,-4.016,1.4057
Burst,296.2,12,2,2,0.0113,3.3911,-3.312,-0.2029
Burst,296.2,15,1,1,0.0056,4.1256,-4.1201,0.2123
Burst,296.2,25,2,3,0.0169,4.3272,3.8407,1.8192
Burst,296.2,26,2,1,0.0056,4.7307,4.3695,1.813
Burst,296.7,5,1,12,0.0675,3.2973,-2.8327,0.489
Burst,297.2,5,1,12,0.0675,3.4332,-2.963,0.4717
Burst,297.7,15,2,1,0.0056,4.4393,4.4152,0.4617
Burst,298.2,5,0,6,0.0338,3.3427,-2.9308,0.4463
Burst,298.2,25,1,18,0.1013,3.567,3.2306,0.3059
Burst,298.7,15,2,1,0.0056,4.3697,4.3557,0.3495
Burst,299.26,15,1,1,0.0056,4.1819,-4.176,0.2216
Burst,299.76,15,2,1,0.0056,3.5244,3.4404,0.7649
Burst,300.27,5,0,6,0.0338,3.9911,-3.5507,1.2095
Burst,300.27,26,2,4,0.0225,3.0357,1.9396,0.5423
Burst,300.77,5,0,5,0.0281,4.5231,-3.7673,1.8064
Burst,300.77,5,1,10,0.0563,3.1218,-2.6786,0.4089
Burst,300.77,25,2,2,0.0113,3.7951,2.9772,2.3536
Burst,301.28,19,2,1,0.0056,5.6965,5.683,0.3918
Burst,301.28,25,2,1,0.0056,3.7482,1.5311,3.4212
Burst,301.78,12,2,1,0.0056,5.4821,-5.477,0.2353
Burst,301.78,15,1,1,0.0056,4.1979,-4.1941,0.1776
Burst,301.78,22,2,1,0.0056,3.0081,3.0061,-0.1073
Burst,302.29,18,2,1,0.0056,3.0259,-3.0164,0.2402
Burst,303.29,15,1,2,0.0113,3.1524,-1.0698,-0.0752
Burst,303.29,23,2,3,0.0169,3.8617,3.5778,0.9524
Burst,303.79,12,2,1,0.0056,5.4033,-5.3983,0.2313
Burst,303.79,15,2,1,0.0056,4.3758,4.3496,0.4778
Burst,303.79,24,2,1,0.0056,11.8267,9.3937,7.1853
Burst,304.29,24,2,1,0.0056,3.9497,3.7669,1.1877
Burst,304.79,15,2,1,0.0056,4.0706,-4.0675,0.1599
Burst,305.3,23,2,2,0.0113,4.1538,3.8291,1.5427
Burst,305.3,24,2,2,0.0113,7.0243,5.9538,3.3236
Burst,305.8,9,2,1,0.0056,6.5521,-6.5467,0.267
Burst,305.8,24,2,3,0.0169,7.3428,6.3207,3.2726
Burst,306.3,5,1,7,0.0394,3.2455,-2.8928,-0.0142
Burst,306.3,12,2,1,0.0056,3.045,3.0279,0.3217
Burst,306.3,24,2,3,0.0169,3.1258,3.0047,0.2031
Burst,306.3,25,1,15,0.0844,3.0799,2.6858,0.2203
Burst,306.8,15,2,1,0.0056,4.0671,-4.0651,0.1272
Burst,307.3,5,0,6,0.0338,4.0306,-3.4175,1.4399
Burst,307.3,15,1,2,0.0113,4.0506,-4.0459,0.1944
Burst,307.8,12,2,1,0.0056,3.0071,2.9713,0.4621
Burst,308.8,5,1,6,0.0338,3.6451,-2.9957,0.4214
Burst,308.8,9,2,1,0.0056,3.4036,-3.4017,0.1141
Burst,308.8,23,2,1,0.0056,4.1534,3.7947,1.6884
Burst,309.36,12,2,1,0.0056,3.006,2.9791,0.4019
Burst,309.36,15,2,1,0.0056,4.0135,-4.0072,0.2254
Burst,309.36,24,2,3,0.0169,5.4312,4.345,1.6052
Burst,309.87,5,1,7,0.0394,4.3489,-3.6077,1.3862
Burst,309.87,9,2,1,0.0056,3.3855,-3.3834,0.1186
Burst,310.37,15,1,2,0.0113,3.0686,-0.9365,0.0678
Burst,311.38,5,0,5,0.0281,3.6769,-3.3277,1.1243
Burst,311.38,12,2,1,0.0056,3.0858,3.0638,0.3684
Burst,311.38,24,2,1,0.0056,3.0548,3.0404,0.2958
Burst,311.38,25,2,6,0.0338,3.5728,2.6519,0.9459
Burst,311.88,5,0,5,0.0281,6.2221,-4.8669,3.4185
Burst,311.88,5,1,8,0.045,3.0213,-2.4755,-0.4335
Burst,311.88,12,2,1,0.0056,3.0887,3.0514,0.4783
Burst,311.88,15,1,1,0.0056,4.4418,4.4126,0.5086
Burst,312.39,5,1,8,0.045,3.8062,-3.1213,0.8423
Burst,312.39,12,2,1,0.0056,5.4906,-5.4842,0.2657
Burst,312.39,15,2,1,0.0056,4.1991,-4.1936,0.2138
Burst,312.89,12,2,1,0.0056,5.5641,-5.5609,0.1887
Burst,312.89,15,1,2,0.0113,3.1092,-1.1769,-0.0751
Burst,313.39,12,2,2,0.0113,3.4296,-3.3512,-0.1382
Burst,313.39,15,2,1,0.0056,4.5919,4.5669,0.4785
Burst,313.89,15,1,1,0.0056,4.2353,-4.2278,0.2516
Burst,314.89,5,1,3,0.0169,3.327,-3.1297,0.1277
Burst,314.89,15,1,1,0.0056,4.3362,-4.3276,0.2731
Burst,315.39,5,0,8,0.045,3.3492,-2.983,1.2326
Burst,315.39,5,1,4,0.0225,4.2865,-3.5125,0.9729
Burst,315.39,15,1,2,0.0113,3.1972,-1.0478,0.2329
Burst,315.9,5,0,7,0.0394,5.4984,-4.6414,2.5595
Burst,315.9,15,2,1,0.0056,4.4955,4.476,0.4179
Burst,316.4,5,1,7,0.0394,3.1073,-2.6658,0.5558
Burst,316.4,12,2,1,0.0056,3.1832,3.1617,0.3699
Burst,316.9,5,1,7,0.0394,3.0666,-2.7496,0.3685
Burst,316.9,9,2,1,0.0056,6.8145,-6.8127,0.1556
Burst,316.9,15,1,3,0.0169,3.4162,0.6277,0.2385
Burst,317.4,12,2,1,0.0056,3.2403,3.2148,0.4058
Burst,317.4,15,1,3,0.0169,3.0095,0.1112,0.0251
Burst,317.9,5,0,7,0.0394,3.2073,-2.7995,0.8066
Burst,317.9,5,1,7,0.0394,3.327,-2.7932,0.7183
Burst,317.9,24,1,15,0.0844,3.3556,2.9919,1.105
Burst,318.4,5,0,8,0.045,3.8592,-3.3414,1.3532
Burst,318.4,12,2,1,0.0056,5.7296,-5.7277,0.1473
Burst,318.4,15,2,1,0.0056,4.5865,4.5582,0.5091
Burst,318.9,5,1,6,0.0338,4.0043,-3.4366,1.0588
Burst,318.9,12,2,1,0.0056,3.2683,3.2228,0.5433
Burst,319.97,12,2,1,0.0056,3.2201,3.1918,0.4263
Burst,320.47,5,0,4,0.0225,3.1599,-2.8852,1.0388
Burst,320.47,5,1,7,0.0394,3.2521,-2.7232,0.4589
Burst,320.47,15,2,1,0.0056,4.3932,-4.3871,0.2317
Burst,320.47,25,2,1,0.0056,5.7318,4.6294,3.3796
Burst,320.98,15,1,1,0.0056,4.5788,4.5529,0.4866
Burst,321.48,5,0,5,0.0281,3.1145,-1.8622,1.3081
Burst,321.48,15,2,2,0.0113,3.4366,3.4238,0.2945
Burst,321.98,5,1,9,0.0506,3.3099,-2.6404,0.6268
Burst,321.98,23,2,1,0.0056,4.7513,4.0745,2.4441
Burst,322.48,12,2,1,0.0056,3.0469,-3.0469,-0.012
Burst,322.48,24,2,1,0.0056,12.4203,9.2681,8.2685
Burst,322.48,25,1,15,0.0844,3.2758,2.93,0.4259
Burst,322.99,5,1,10,0.0563,3.2019,-2.8061,0.1734
Burst,323.49,12,2,1,0.0056,3.1211,-3.121,-0.0292
Burst,323.49,15,1,1,0.0056,4.246,-4.2411,0.2045
Burst,323.99,5,1,11,0.0619,3.191,-2.6686,-0.1576
Burst,323.99,15,1,3,0.0169,3.6726,0.8288,0.0153
Burst,324.99,5,1,12,0.0675,3.2117,-2.7781,0.2753
Burst,325.49,5,1,13,0.0731,3.4347,-2.9862,0.472
Burst,325.49,12,2,1,0.0056,5.5804,-5.5779,0.1674
Burst,325.49,15,1,2,0.0113,3.0474,-1.232,0.0441
Burst,325.99,15,1,2,0.0113,3.3134,3.3041,0.1212
Burst,326.5,9,2,1,0.0056,6.877,-6.8753,0.149
Burst,326.5,12,2,1,0.0056,3.7131,-3.7131,-0.0025
Burst,326.5,15,1,1,0.0056,4.4624,4.4474,0.3649
Burst,327.0,5,0,8,0.045,3.7866,-2.4169,1.298
Burst,327.0,15,1,2,0.0113,3.2087,-1.0507,-0.0047
Burst,327.5,5,0,6,0.0338,3.018,-2.751,0.2621
Burst,328.0,5,0,6,0.0338,3.2704,-2.9965,0.5215
Burst,328.0,12,2,1,0.0056,3.1277,3.1044,0.3808
Burst,328.5,5,0,7,0.0394,3.2771,-2.9074,0.5658
Burst,329.0,5,0,6,0.0338,3.2513,-2.7268,0.512
Burst,329.0,9,2,1,0.0056,3.0367,-3.0362,-0.0527
Burst,329.0,12,2,1,0.0056,5.549,-5.5406,0.3064
Burst,329.0,15,2,2,0.0113,3.8574,-0.426,0.4285
Burst,329.5,15,1,2,0.0113,3.3197,3.2891,0.0204
Burst,330.06,9,2,1,0.0056,3.4268,-3.4242,0.1321
Burst,330.06,15,1,2,0.0113,3.2139,3.1843,-0.0222
Burst,330.58,12,2,1,0.0056,3.1951,3.1745,0.3625
Burst,331.58,5,0,7,0.0394,3.0487,-2.7848,0.3516
Burst,331.58,12,2,1,0.0056,5.4733,-5.4679,0.2449
Burst,331.58,25,2,1,0.0056,3.0368,2.983,0.569
Burst,332.09,5,0,6,0.0338,3.0529,-2.9176,0.8634
Burst,332.09,15,1,2,0.0113,3.2005,3.178,0.3652
Burst,332.59,15,2,1,0.0056,3.6104,3.5253,0.7795
Burst,333.09,9,2,1,0.0056,6.741,-6.7387,0.1757
Burst,333.59,5,1,13,0.0731,3.3291,-2.7224,0.3196
Burst,333.59,15,1,1,0.0056,3.5713,3.4912,0.7518
Burst,333.59,15,2,1,0.0056,4.4298,4.4065,0.4536
Burst,334.09,15,2,1,0.0056,4.4894,4.4749,0.3611
Burst,335.09,15,1,1,0.0056,3.6353,3.6351,0.0339
Burst,335.59,12,2,1,0.0056,3.3125,-3.3124,0.0184
Burst,336.09,5,0,8,0.045,4.3879,-3.6905,1.7909
Burst,336.09,15,1,3,0.0169,3.2465,0.3678,0.3453
Burst,336.59,5,0,8,0.045,3.935,-3.4218,1.0837
Burst,336.59,15,2,1,0.0056,4.3168,-4.3141,0.1518
Burst,337.09,5,0,8,0.045,3.7821,-3.4204,1.2484
Burst,337.09,15,2,2,0.0113,3.0124,-1.2517,0.2547
Burst,337.59,5,1,11,0.0619,3.6562,-2.9715,0.7761
Burst,337.59,15,1,1,0.0056,4.5329,4.5119,0.4359
Burst,338.1,15,1,2,0.0113,3.1522,-1.1214,-0.1466
Burst,338.6,5,0,7,0.0394,3.6914,-3.006,1.7805
Burst,338.6,12,2,1,0.0056,3.1833,3.1439,0.4998
Burst,338.6,15,1,2,0.0113,3.3397,-0.9486,-0.1897
Burst,339.1,5,0,5,0.0281,3.543,-2.6927,2.2373
Burst,339.1,5,1,13,0.0731,3.3432,-2.8492,0.1507
Burst,339.1,15,1,2,0.0113,3.177,-1.1072,-0.0193
Burst,339.6,5,1,11,0.0619,3.2177,-2.6212,0.1898
Burst,339.6,12,2,1,0.0056,3.1161,3.0846,0.4418
Burst,339.6,15,1,2,0.0113,3.1639,-1.1162,0.1775
Burst,340.1,12,2,1,0.0056,3.133,3.1053,0.4153
Burst,340.6,12,2,1,0.0056,3.1975,3.1793,0.3408
Burst,340.6,15,2,2,0.0113,3.0326,-1.1533,0.3326
Burst,341.1,5,0,6,0.0338,3.1998,-2.9285,0.9859
Burst,341.1,9,2,1,0.0056,4.5909,-4.5909,0.009
Burst,341.1,15,1,2,0.0113,4.368,0.0824,0.2938
Burst,341.6,5,0,6,0.0338,3.2512,-2.7598,1.601
Burst,342.16,5,0,4,0.0225,3.1442,-2.5112,1.6119
Burst,342.66,5,0,5,0.0281,3.4407,-2.7985,1.6832
Burst,342.66,9,2,1,0.0056,6.6278,-6.6223,0.2698
Burst,342.66,15,1,1,0.0056,4.1161,-4.1076,0.2637
Burst,343.16,5,0,3,0.0169,6.3878,-5.4134,3.1711
Burst,343.16,25,1,16,0.09,3.2283,2.8771,0.0978
Burst,343.67,5,0,2,0.0113,5.9039,-5.0803,2.6156
Burst,343.67,23,2,1,0.0056,4.0509,3.5713,1.912
Burst,344.18,5,0,2,0.0113,8.1606,-6.5267,4.6731
Burst,344.18,24,2,1,0.0056,11.9809,9.6771,7.0637
Burst,345.18,24,1,14,0.0788,3.1074,2.5799,0.7428
Burst,345.18,24,2,1,0.0056,4.1194,3.9357,1.2165
Burst,345.68,15,1,1,0.0056,4.5229,4.4976,0.4777
Burst,345.68,15,2,2,0.0113,3.3937,-0.8802,0.1288
Burst,347.19,5,0,6,0.0338,3.5329,-2.9681,1.0322
Burst,347.19,12,2,1,0.0056,3.1929,3.1627,0.4376
Burst,347.7,5,0,5,0.0281,4.3029,-3.6894,1.5011
Burst,347.7,5,1,12,0.0675,3.1467,-2.3819,0.061
Burst,347.7,15,1,2,0.0113,3.4717,3.3992,-0.1539
Burst,348.26,5,0,5,0.0281,3.232,-2.544,0.4387
Burst,348.26,5,1,11,0.0619,3.4067,-2.6231,0.7013
Burst,348.26,12,2,1,0.0056,3.1147,3.0913,0.3816
Burst,348.76,12,2,1,0.0056,5.4698,-5.463,0.2711
Burst,348.76,15,1,2,0.0113,3.02,3.0034,0.2978
Burst,349.77,15,1,2,0.0113,3.4074,3.3682,-0.0864
Burst,350.27,15,1,3,0.0169,3.3878,3.3538,0.3428
Burst,350.77,5,0,9,0.0506,3.4417,-2.7249,0.9322
Burst,350.77,12,2,1,0.0056,5.4604,-5.4569,0.1949
Burst,351.78,15,2,1,0.0056,4.2003,-4.1934,0.2403
Burst,352.28,12,2,1,0.0056,5.4846,-5.4774,0.2805
Burst,352.28,15,1,2,0.0113,3.1266,-1.0454,0.0527
Burst,352.78,5,1,6,0.0338,3.5786,-3.2487,0.5474
Burst,352.78,12,2,1,0.0056,3.1812,3.1629,0.3407
Burst,352.78,15,1,2,0.0113,3.3647,3.3311,0.0149
Burst,353.28,5,0,10,0.0563,3.2356,-2.8976,0.9496
Burst,353.28,15,1,2,0.0113,3.1292,-1.2275,0.0187
Burst,353.78,5,0,10,0.0563,3.4008,-2.9198,0.7843
Burst,353.78,5,1,8,0.045,5.0668,-4.2754,1.3873
Burst,353.78,12,2,1,0.0056,3.203,3.1651,0.4915
Burst,353.78,15,1,2,0.0113,3.2726,-1.0803,-0.127
Burst,354.29,5,1,9,0.0506,4.7264,-3.8859,1.5854
Burst,354.29,12,2,1,0.0056,3.238,3.2083,0.4375
Burst,354.29,15,1,3,0.0169,3.0603,0.177,0.1018
Burst,354.79,5,0,6,0.0338,3.8532,-3.1086,0.5438
Burst,354.79,15,1,2,0.0113,3.3643,3.3352,0.0501
Burst,355.29,15,2,1,0.0056,4.5576,4.5298,0.5027
Burst,355.79,15,1,2,0.0113,3.4443,3.4321,0.1114
Burst,356.79,5,1,9,0.0506,3.3422,-2.8544,0.6386
Burst,356.79,12,1,7,0.0394,3.003,-2.8725,-0.5054
Burst,357.29,12,2,1,0.0056,5.8362,-5.8271,0.3269
Burst,357.79,5,0,6,0.0338,4.3906,-3.7901,1.7742
Burst,357.79,15,1,2,0.0113,3.2227,-1.1642,-0.0944
Burst,357.79,15,2,1,0.0056,4.6939,4.6792,0.3706
Burst,358.29,5,1,10,0.0563,3.5362,-3.0299,0.7565
Burst,358.79,15,2,2,0.0113,3.2755,-1.1866,0.0939
Burst,359.3,15,1,2,0.0113,3.3783,3.3637,0.1113
Burst,359.8,5,0,6,0.0338,3.1535,-2.2732,1.0697
Burst,359.8,9,2,1,0.0056,7.1439,-7.1386,0.2748
Burst,359.8,15,1,2,0.0113,3.1283,3.1191,0.1417
Burst,360.3,5,1,11,0.0619,3.4274,-2.5672,0.4764
Burst,360.3,12,2,1,0.0056,5.9547,-5.9493,0.2526
Burst,360.3,15,1,2,0.0113,3.3618,-1.001,0.1207
Burst,360.3,15,2,1,0.0056,4.7574,4.7409,0.3954
Burst,360.86,15,2,1,0.0056,4.7449,4.7225,0.4598
Burst,361.36,15,2,2,0.0113,3.0676,-1.4678,0.2403
Burst,361.87,5,0,6,0.0338,3.2633,-2.9392,1.093
Burst,362.38,12,2,1,0.0056,3.2472,-3.2472,-0.0021
Burst,362.38,24,1,16,0.09,3.0313,2.7364,0.9306
Burst,362.88,12,2,1,0.0056,3.4637,3.4331,0.4595
Burst,362.88,15,1,3,0.0169,3.0917,3.0709,-0.0257
Burst,362.88,25,2,3,0.0169,5.2601,3.9899,3.0718
Burst,363.38,25,2,2,0.0113,3.5435,3.2043,1.5117
Burst,363.89,12,2,1,0.0056,3.4839,3.4477,0.501
Burst,363.89,15,2,1,0.0056,3.8402,3.755,0.8041
Burst,364.39,15,1,2,0.0113,3.5967,3.5548,-0.0692
Burst,364.89,5,0,8,0.045,4.175,-3.5978,0.9387
Burst,364.89,9,2,1,0.0056,4.59,-4.59,-0.009
Burst,364.89,12,2,1,0.0056,3.3544,3.3216,0.4679
Burst,364.89,15,2,2,0.0113,4.6873,0.1869,0.4343
Burst,365.39,5,0,10,0.0563,3.3203,-2.6288,0.5382
Burst,365.39,5,1,11,0.0619,3.1861,-2.3103,0.603
Burst,365.89,12,2,1,0.0056,3.4172,3.3781,0.5155
Burst,366.4,5,0,9,0.0506,3.2436,-2.5303,0.9965
Burst,366.4,12,2,1,0.0056,5.6221,-5.6085,-0.3917
Burst,366.4,15,2,2,0.0113,3.1374,-1.2968,0.176
Burst,366.9,5,0,9,0.0506,4.4269,-3.6596,1.7938
Burst,366.9,15,1,1,0.0056,4.5172,-4.5096,0.2617
Burst,367.4,12,2,1,0.0056,3.3209,3.2805,0.5166
Burst,367.4,15,1,2,0.0113,3.2859,3.2749,0.2448
Burst,367.4,15,2,1,0.0056,4.5559,-4.5478,0.2716
Burst,367.9,5,0,7,0.0394,3.5053,-3.0468,0.6507
Burst,367.9,12,2,1,0.0056,3.4217,3.3724,0.5789
Burst,368.4,5,0,9,0.0506,3.5919,-2.6666,0.2949
Burst,369.9,5,1,9,0.0506,3.957,-2.5941,1.4181
Burst,369.9,15,1,2,0.0113,3.3616,3.3541,0.167
Burst,369.9,15,2,1,0.0056,4.6519,4.6266,0.4842
Burst,370.4,19,2,1,0.0056,4.9779,4.9141,0.7943
Burst,370.4,24,1,15,0.0844,3.1254,2.9067,0.4732
Burst,370.9,5,1,9,0.0506,3.3276,-2.1304,0.8192
Burst,370.9,15,1,1,0.0056,4.4588,-4.4563,0.1515
Burst,370.9,25,2,2,0.0113,5.1056,2.2773,4.0722
Burst,371.4,5,1,10,0.0563,3.1552,-2.0577,0.4715
Burst,371.4,25,2,2,0.0113,3.6614,0.048,3.3479
Burst,371.96,5,1,9,0.0506,3.2636,-1.9578,0.6764
Burst,372.47,15,1,2,0.0113,3.6474,3.5633,0.7788
Burst,372.97,12,2,1,0.0056,3.2787,3.2466,0.4581
Burst,373.48,9,2,1,0.0056,7.0529,-7.0467,0.2964
Burst,373.48,15,1,2,0.0113,3.4107,3.3945,0.1257
Burst,373.98,15,1,2,0.0113,3.3597,3.3326,0.086
Burst,374.49,12,2,1,0.0056,3.0766,-3.0766,-0.0076
Burst,374.99,12,2,1,0.0056,3.2295,3.2082,0.37
Burst,374.99,15,1,1,0.0056,4.3093,-4.3076,0.122
Burst,375.99,23,2,1,0.0056,7.9242,6.7881,4.0885
Burst,376.49,15,1,2,0.0113,3.3691,3.3467,0.0669
Burst,376.49,24,2,2,0.0113,6.9409,4.5104,4.2996
Burst,377.0,5,1,8,0.045,3.1602,-2.5138,0.2727
Burst,377.5,5,1,8,0.045,3.2522,-2.613,0.2202
Burst,377.5,15,2,1,0.0056,4.5533,4.5286,0.4741
Burst,377.5,25,1,14,0.0788,3.0131,2.805,0.3928
Burst,378.0,5,0,8,0.045,3.2861,-2.2683,0.6508
Burst,378.0,15,2,1,0.0056,3.6271,3.5458,0.7633
Burst,378.5,5,1,9,0.0506,3.3828,-2.6725,0.5594
Burst,378.5,15,1,1,0.0056,4.3426,-4.3416,0.0947
Burst,379.0,5,1,11,0.0619,3.3786,-2.6574,0.8898
Burst,379.0,25,1,15,0.0844,3.1506,2.7946,0.0311
Burst,379.56,9,2,1,0.0056,6.95,-6.9468,0.2081
Burst,379.56,12,2,1,0.0056,5.3508,-5.3379,-0.3716
Burst,379.56,15,1,3,0.0169,3.7158,3.6879,0.1081
Burst,380.07,5,0,9,0.0506,3.6002,-2.1929,1.0174
Burst,380.07,12,2,1,0.0056,5.6538,-5.6516,0.1577
Burst,380.58,5,0,9,0.0506,3.2933,-2.0577,1.2068
Burst,380.58,15,2,1,0.0056,4.47,4.4517,0.4033
Burst,381.08,5,0,8,0.045,3.5941,-1.9641,1.5504
Burst,381.08,23,2,1,0.0056,8.8213,7.0444,5.3096
Burst,382.09,15,2,2,0.0113,3.0445,3.0348,0.1768
Burst,382.59,5,0,8,0.045,3.244,-1.8814,0.6795
Burst,382.59,25,1,15,0.0844,3.037,2.7625,-0.1601
Burst,383.09,5,0,7,0.0394,3.6043,-2.4694,1.0256
Burst,383.09,5,1,8,0.045,3.516,-3.0918,0.913
Burst,383.59,5,1,8,0.045,4.6434,-4.1482,1.6145
Burst,383.59,24,2,1,0.0056,3.939,3.698,1.3567
Burst,384.09,5,1,9,0.0506,3.7588,-3.2271,0.7516
Burst,384.09,15,1,1,0.0056,4.4856,4.4692,0.3839
Burst,384.6,9,2,1,0.0056,6.7458,-6.7413,0.2465
Burst,384.6,12,2,2,0.0113,3.5228,-3.5154,-0.2167
Burst,385.1,15,1,1,0.0056,4.2634,-4.258,0.2136
Burst,385.6,5,0,7,0.0394,3.3238,-2.4063,0.3534
Burst,386.1,5,1,7,0.0394,3.3017,-2.8965,0.4707
Burst,386.1,15,2,1,0.0056,4.4361,4.409,0.4896
Burst,386.6,15,1,2,0.0113,3.9598,3.9087,0.6029
Burst,387.1,5,0,5,0.0281,5.3088,-3.3912,2.2507
Burst,387.1,9,2,1,0.0056,6.7431,-6.7408,0.1746
Burst,387.1,12,2,1,0.0056,5.3886,-5.3811,0.2832
Burst,387.1,15,1,2,0.0113,3.2287,-0.953,0.0802
Burst,387.1,25,2,2,0.0113,5.1369,4.318,1.8172
Burst,387.66,5,0,7,0.0394,3.2323,-2.0761,0.6486
Burst,387.66,5,1,5,0.0281,3.6199,-3.1305,0.6639
Burst,387.66,12,2,1,0.0056,3.1316,3.1007,0.4392
Burst,387.66,15,2,1,0.0056,4.4326,4.4062,0.4828
Burst,388.67,15,1,3,0.0169,3.0112,1.4445,0.1136
Burst,389.17,5,0,7,0.0394,3.5823,-2.2734,0.8945
Burst,389.17,9,2,1,0.0056,3.4154,-3.4137,0.1057
Burst,389.67,5,0,7,0.0394,3.445,-2.8724,0.5059
Burst,389.67,15,1,2,0.0113,3.1027,-1.0816,0.1666
Burst,390.68,5,0,8,0.045,3.8627,-3.3421,1.5561
Burst,390.68,15,1,1,0.0056,3.4228,3.3477,0.7131
Burst,391.18,5,0,9,0.0506,3.508,-2.9606,1.4328
Burst,391.18,5,1,6,0.0338,3.292,-2.287,0.6423
Burst,391.18,15,1,2,0.0113,3.1996,3.1691,0.0764
Burst,391.18,15,2,1,0.0056,3.5009,3.4177,0.7587
Burst,391.68,5,0,8,0.045,3.0996,-2.8158,0.6317
Burst,391.68,5,1,8,0.045,3.0751,-2.3251,0.7615
Burst,391.68,15,2,1,0.0056,4.3495,4.3307,0.4037
Burst,392.19,5,1,10,0.0563,3.2536,-2.6492,0.9647
Burst,392.19,12,2,1,0.0056,3.0471,3.0264,0.3552
Burst,392.19,15,2,2,0.0113,3.2518,3.2397,0.2225
Burst,392.69,5,0,8,0.045,3.7384,-3.0,1.422
Burst,393.69,15,1,2,0.0113,4.39,4.3724,0.3894
Burst,394.19,12,2,1,0.0056,3.0162,-3.0162,-0.0181
Burst,394.69,9,2,1,0.0056,6.718,-6.7107,0.3122
Burst,394.69,15,1,1,0.0056,4.4302,4.413,0.39
Burst,395.69,12,2,1,0.0056,3.0177,-3.0177,-0.0065
Burst,396.19,15,2,2,0.0113,3.0507,1.3757,0.1706
Burst,396.19,25,1,14,0.0788,3.6283,3.2673,0.6374
Burst,396.69,15,1,1,0.0056,4.1199,-4.118,0.127
Burst,397.19,5,1,8,0.045,3.1583,-2.5992,0.241
Burst,397.19,12,2,1,0.0056,5.3965,-5.3887,0.2911
Burst,397.69,5,1,8,0.045,3.2498,-2.8498,0.4697
Burst,397.69,12,2,2,0.0113,3.3163,-3.2485,-0.1217
Burst,398.2,5,0,5,0.0281,4.4239,-3.7822,1.7204
Burst,398.7,5,0,5,0.0281,4.3409,-3.8084,1.3729
Burst,398.7,5,1,9,0.0506,3.9571,-3.3361,1.0678
Burst,398.7,9,2,1,0.0056,6.5167,-6.506,-0.3739
Burst,398.7,25,1,13,0.0731,3.3235,2.791,0.3569
Burst,399.2,5,1,9,0.0506,3.3919,-2.9347,0.7748
Burst,399.2,15,1,2,0.0113,3.268,3.2585,0.1828
Burst,399.7,5,0,5,0.0281,3.9827,-3.5673,1.5639
Burst,400.7,5,0,5,0.0281,3.0176,-2.7543,0.7495
Burst,400.7,12,2,1,0.0056,5.4102,-5.4096,0.0803
Burst,400.7,15,1,1,0.0056,4.3766,4.3593,0.3885
Burst,401.2,5,0,4,0.0225,3.0483,-2.381,1.1103
Burst,401.7,5,0,3,0.0169,4.1418,-3.291,2.4213
Burst,402.2,5,0,4,0.0225,3.0704,-2.7442,1.1528
Burst,402.2,23,2,1,0.0056,3.0317,3.0277,0.1548
Burst,403.26,5,1,7,0.0394,3.6766,-3.2176,0.7114
Burst,403.26,15,2,1,0.0056,3.4512,3.3674,0.7562
Burst,403.78,5,0,6,0.0338,3.8297,-2.9816,1.2844
Burst,403.78,15,2,1,0.0056,3.4405,3.3632,0.7255
Burst,404.28,5,0,6,0.0338,3.8737,-3.2775,0.5453
Burst,404.28,5,1,7,0.0394,3.0095,-2.3545,0.6203
Burst,404.28,15,1,2,0.0113,3.2077,-0.879,-0.0604
Burst,404.79,5,1,9,0.0506,3.8818,-3.2058,1.2383
Burst,404.79,15,1,2,0.0113,3.2382,3.2262,0.2287
Burst,405.3,15,2,1,0.0056,3.4151,3.3338,0.7406
Burst,405.8,9,2,1,0.0056,4.1593,-4.1593,0.0008
Burst,405.8,15,1,2,0.0113,3.0872,-0.9804,-0.1064
Burst,405.8,23,2,1,0.0056,10.5196,8.4662,6.2439
Burst,406.3,5,0,10,0.0563,3.0787,-2.8275,0.685
Burst,406.3,5,1,7,0.0394,3.4031,-2.6388,0.7569
Burst,406.3,15,2,1,0.0056,4.2221,4.1923,0.5011
Burst,406.8,5,0,9,0.0506,4.01,-3.4691,1.5942
Burst,406.8,5,1,7,0.0394,3.2599,-2.2898,0.3629
Burst,406.8,24,2,1,0.0056,5.7909,5.2363,2.4731
Burst,407.3,5,0,8,0.045,3.8472,-3.2692,1.5286
Burst,407.3,12,2,1,0.0056,5.2239,-5.2186,0.2351
Burst,407.3,15,1,2,0.0113,3.1708,3.1133,-0.1171
Burst,407.8,9,2,1,0.0056,3.3933,-3.3931,0.0355
Burst,408.3,5,0,6,0.0338,3.1271,-2.8858,0.9993
Burst,408.8,5,0,4,0.0225,3.2525,-2.785,1.3772
Burst,409.36,12,2,1,0.0056,5.2304,-5.2251,0.2359
Burst,409.86,12,2,1,0.0056,3.0453,3.0057,0.4895
Burst,409.86,15,1,1,0.0056,3.3975,3.3176,0.7327
Burst,409.86,25,1,17,0.0956,3.0246,2.7269,0.2454
Burst,410.37,12,2,1,0.0056,3.0415,3.0173,0.3825
Burst,410.37,15,1,3,0.0169,3.2676,0.5165,0.2098
Burst,410.88,12,2,1,0.0056,5.3278,-5.3214,0.2628
Burst,412.38,5,1,12,0.0675,3.0386,-2.0769,0.7504
Burst,412.89,5,0,3,0.0169,4.8078,-3.3796,1.9613
Burst,412.89,12,2,2,0.0113,4.1955,-1.185,0.3496
Burst,412.89,15,2,2,0.0113,3.9118,-0.1915,0.0647
Burst,413.39,12,2,1,0.0056,3.0697,3.0499,0.3476
Burst,413.39,15,1,1,0.0056,4.3359,4.3199,0.3721
Burst,413.89,12,2,1,0.0056,3.1019,3.0686,0.4533
Burst,414.39,12,2,1,0.0056,5.4115,-5.4041,0.2838
Burst,414.89,5,0,5,0.0281,3.9774,-3.4374,1.7429
Burst,415.39,12,2,1,0.0056,5.3358,-5.3304,0.2401
Burst,415.39,15,2,1,0.0056,4.3151,4.3012,0.3464
Burst,415.39,25,2,2,0.0113,6.5938,5.2559,3.4916
Burst,415.89,25,2,2,0.0113,3.4879,3.3451,0.4729
Burst,416.4,5,0,6,0.0338,3.5395,-3.0485,1.437
Burst,416.4,9,2,1,0.0056,6.6605,-6.6552,0.2665
Burst,416.9,5,0,4,0.0225,4.5146,-3.836,1.6648
Burst,416.9,15,2,1,0.0056,4.0559,-4.0502,0.2145
Burst,417.4,12,2,1,0.0056,3.0389,3.0035,0.4627
Burst,417.4,15,1,1,0.0056,4.2981,4.2806,0.3879
Burst,417.9,15,1,3,0.0169,3.4605,-2.0014,0.0791
Burst,418.4,12,2,2,0.0113,3.2925,-3.2858,-0.1858
Burst,418.4,15,2,1,0.0056,4.3598,4.3336,0.4774
Burst,419.9,12,2,1,0.0056,3.0426,3.0191,0.3768
Burst,419.9,15,1,1,0.0056,4.3167,4.2977,0.4048
Burst,420.46,5,0,6,0.0338,3.45,-2.9063,1.1073
Burst,420.46,5,1,6,0.0338,3.5655,-3.1579,0.5236
Burst,420.46,15,2,1,0.0056,3.4816,3.4004,0.7475
Burst,420.97,5,1,6,0.0338,5.2466,-4.5158,1.7537
Burst,421.47,5,0,6,0.0338,4.3855,-3.6511,2.357
Burst,421.47,15,1,2,0.0113,3.2485,-0.8515,-0.1971
Burst,421.98,5,1,6,0.0338,3.0416,-2.7132,0.4025
Burst,421.98,15,2,1,0.0056,3.9954,-3.9928,0.1432
Burst,422.48,15,1,2,0.0113,4.019,-4.0149,0.1786
Burst,422.98,5,0,7,0.0394,3.5316,-3.0139,0.81
Burst,423.48,5,1,7,0.0394,3.337,-2.911,0.4296
Burst,423.98,12,2,1,0.0056,3.0666,3.0369,0.4259
Burst,424.48,5,1,7,0.0394,3.044,-2.604,0.1648
Burst,424.48,15,1,2,0.0113,3.0674,3.0596,0.1136
Burst,424.99,5,1,5,0.0281,3.2454,-2.9248,0.5003
Burst,425.49,5,0,7,0.0394,3.0219,-2.7206,0.423
Burst,425.49,5,1,6,0.0338,3.2525,-2.6849,0.7005
Burst,425.99,5,0,6,0.0338,3.9526,-3.4196,0.5698
Burst,425.99,5,1,8,0.045,3.2015,-2.7099,0.6908
Burst,426.49,5,1,8,0.045,3.9496,-3.4667,0.961
Burst,426.49,15,1,2,0.0113,3.1185,3.1061,0.1924
Burst,426.99,5,0,8,0.045,3.2121,-2.9407,0.4996
Burst,426.99,24,1,16,0.09,3.0114,2.7137,0.7655
Burst,427.5,5,1,8,0.045,4.2502,-3.5821,1.2897
Burst,427.5,15,2,1,0.0056,4.1272,4.1098,0.3791
Burst,428.0,9,2,1,0.0056,3.2982,-3.2952,0.1419
Burst,429.0,9,2,1,0.0056,6.4815,-6.4759,0.2698
Burst,430.0,5,0,7,0.0394,3.0629,-2.9503,0.349
Burst,430.0,12,2,1,0.0056,5.3544,-5.3483,0.2565
Burst,430.5,12,2,1,0.0056,3.0484,3.0236,0.3882
Burst,430.5,15,1,2,0.0113,3.0156,-0.9976,0.0272
Burst,431.0,5,0,9,0.0506,3.0591,-2.6512,0.6838
Burst,431.0,5,1,6,0.0338,3.7356,-3.4413,0.1936
Burst,431.0,25,1,16,0.09,3.0072,2.6346,-0.2313
Burst,431.56,5,0,6,0.0338,3.1586,-2.8678,0.4599
Burst,431.56,5,1,8,0.045,3.2009,-2.438,0.5419
Burst,431.56,12,2,1,0.0056,5.5807,-5.5686,-0.3668
Burst,432.06,12,2,1,0.0056,3.0046,2.9837,0.3545
Burst,432.57,5,1,7,0.0394,3.2246,-2.6916,0.6829
Burst,432.57,12,2,1,0.0056,3.0635,3.0306,0.4474
Burst,432.57,15,1,2,0.0113,4.1679,0.0857,0.3285
Burst,433.58,24,1,13,0.0731,3.3303,2.9859,1.0049
Burst,434.08,15,1,2,0.0113,3.1987,3.1192,-0.1926
Burst,434.08,25,1,16,0.09,3.1051,2.8825,-0.0288
Burst,435.09,5,1,7,0.0394,3.2521,-2.7644,0.3051
Burst,435.59,12,2,1,0.0056,5.1084,-5.096,-0.357
Burst,436.09,5,1,9,0.0506,5.0019,-4.2609,1.7542
Burst,436.6,5,0,9,0.0506,4.5854,-3.89,2.1493
Burst,436.6,23,2,2,0.0113,5.9457,5.0014,2.7513
Burst,436.6,25,1,15,0.0844,3.057,2.7478,0.0846
Burst,437.1,5,0,9,0.0506,3.1131,-2.7449,1.2817
Burst,437.1,5,1,10,0.0563,3.2597,-2.7351,0.6651
Burst,437.1,12,2,1,0.0056,3.0605,3.0383,0.3682
Burst,437.1,15,2,1,0.0056,3.9912,-3.9863,0.1973
Burst,438.1,5,0,9,0.0506,3.3435,-2.7577,1.2262
Burst,438.1,5,1,10,0.0563,3.28,-2.5936,0.7951
Burst,438.6,12,2,1,0.0056,5.2724,-5.2658,0.2644
Burst,439.16,15,1,1,0.0056,4.0101,-4.001,0.2697
Burst,439.67,15,1,3,0.0169,3.5139,3.5012,0.2889
Burst,439.67,24,2,1,0.0056,3.6164,3.5441,0.7195
Burst,440.17,15,2,1,0.0056,4.2872,4.2736,0.3407
Burst,440.17,24,2,2,0.0113,6.9078,5.6597,2.7055
Burst,440.68,12,2,1,0.0056,5.3912,-5.3858,0.241
Burst,441.18,15,2,1,0.0056,3.4528,3.3734,0.7366
Burst,441.68,15,2,2,0.0113,3.1719,-0.8818,0.1017
Burst,441.68,24,2,2,0.0113,3.3952,2.9593,0.0478
Burst,442.18,12,2,1,0.0056,5.3094,-5.3062,0.1823
Burst,442.18,15,1,1,0.0056,4.2652,4.247,0.3936
Burst,442.68,5,0,11,0.0619,3.3462,-3.0494,0.9205
Burst,443.18,15,2,1,0.0056,3.9108,-3.8931,-0.3712
Burst,444.19,15,1,1,0.0056,4.08,-4.0719,0.2567
Burst,444.69,5,0,9,0.0506,3.3218,-2.9719,0.913
Burst,444.69,5,1,6,0.0338,3.4777,-3.167,0.3476
Burst,444.69,12,2,1,0.0056,5.2684,-5.2622,0.2539
Burst,445.19,5,1,7,0.0394,5.122,-4.4783,1.7209
Burst,446.19,12,2,2,0.0113,3.0326,2.9965,0.455
Burst,446.7,5,1,10,0.0563,3.0476,-2.5663,0.4991
Burst,447.2,12,2,1,0.0056,3.0637,3.0331,0.4319
Burst,447.7,5,0,7,0.0394,3.0834,-2.555,0.944
Burst,447.7,15,2,1,0.0056,4.2921,4.2735,0.3997
Burst,448.2,5,0,6,0.0338,3.229,-2.6875,1.0824
Burst,448.2,12,2,2,0.0113,3.5593,-3.5388,-0.0462
Burst,448.2,15,1,1,0.0056,4.2829,4.2675,0.363
Burst,448.7,5,0,4,0.0225,3.1428,-2.8552,0.6934
Burst,448.7,5,1,11,0.0619,3.1881,-2.7384,0.5668
Burst,448.7,15,2,1,0.0056,3.4036,3.3271,0.7175
Burst,448.7,26,2,2,0.0113,3.0273,0.5034,0.6615
Burst,449.2,12,2,1,0.0056,3.0587,3.0304,0.4149
Burst,449.7,5,0,2,0.0113,3.2104,-2.5844,1.6816
Burst,449.7,9,2,1,0.0056,6.4612,-6.4573,0.2238
Burst,449.7,15,1,2,0.0113,3.3293,-0.7541,-0.0742
Burst,450.7,12,2,1,0.0056,5.2574,-5.2493,0.292
Burst,451.76,12,2,1,0.0056,5.2356,-5.2347,0.1006
Burst,451.76,15,1,2,0.0113,3.006,-0.985,-0.0001
Burst,452.27,9,2,1,0.0056,6.3298,-6.3199,-0.3536
Burst,452.27,26,2,3,0.0169,3.0936,1.6239,1.0373
Burst,452.77,15,1,2,0.0113,3.0098,-1.0047,0.2601
Burst,453.28,9,2,1,0.0056,6.517,-6.5138,0.2034
Burst,453.78,5,0,4,0.0225,3.0812,-2.5761,1.027
Burst,453.78,15,1,1,0.0056,3.9782,-3.9706,0.2454
Burst,454.28,5,0,9,0.0506,3.2684,-2.7027,0.7425
Burst,454.28,5,1,7,0.0394,3.377,-3.0056,0.7389
Burst,454.78,5,1,7,0.0394,3.9317,-3.3303,1.5173
Burst,455.28,12,2,1,0.0056,5.2279,-5.2227,0.2341
Burst,455.78,12,2,1,0.0056,5.2416,-5.2378,0.1997
Burst,456.29,5,0,8,0.045,3.7866,-3.2918,1.4093
Burst,456.29,5,1,7,0.0394,3.2833,-2.8816,0.5155
Burst,456.29,15,1,1,0.0056,3.407,3.3256,0.7401
Burst,456.79,5,0,8,0.045,5.7751,-4.7222,2.568
Burst,457.29,5,0,8,0.045,3.3689,-3.1413,0.7817
Burst,457.29,19,2,2,0.0113,3.4013,3.3433,0.6194
Burst,457.79,5,1,11,0.0619,3.5611,-3.1545,0.5226
Burst,458.29,12,2,1,0.0056,3.0679,3.0393,0.4176
Burst,458.29,15,1,2,0.0113,3.0198,-0.9319,-0.0997
Burst,458.29,25,1,13,0.0731,3.0462,2.7301,0.2248
Burst,458.79,15,2,1,0.0056,4.0854,-4.0771,0.2603
Burst,458.79,25,1,15,0.0844,3.3683,3.0332,0.4637
Burst,459.29,5,0,8,0.045,4.685,-4.0615,1.9046
Burst,459.29,9,2,1,0.0056,6.4401,-6.4371,0.1976
Burst,459.29,12,2,1,0.0056,3.0034,2.974,0.4186
Burst,459.29,15,2,1,0.0056,4.0175,-4.0153,0.1329
Burst,459.29,25,1,13,0.0731,3.0073,2.7312,0.1574
Burst,459.79,5,1,9,0.0506,3.2176,-2.8011,0.4921
Burst,459.79,19,2,2,0.0113,3.565,3.5054,0.0756
Burst,460.79,12,2,1,0.0056,5.3302,-5.3285,0.1341
Burst,460.79,15,1,2,0.0113,3.359,3.3458,0.2199
Burst,461.29,24,1,14,0.0788,3.156,2.884,0.8203
Burst,461.79,15,1,1,0.0056,4.0148,-4.0106,0.1834
Burst,461.79,15,2,2,0.0113,3.1495,3.1397,0.1952
Burst,461.79,25,2,1,0.0056,8.5871,6.873,5.1479
Burst,462.29,5,0,10,0.0563,3.333,-2.9346,1.0797
Burst,462.8,5,0,9,0.0506,3.6375,-3.1833,1.336
Burst,462.8,5,1,7,0.0394,3.7797,-3.1694,1.0085
Burst,462.8,9,2,1,0.0056,4.4112,-4.4112,0.0075
Burst,463.8,5,1,7,0.0394,3.3294,-2.4669,0.4966
Burst,463.8,12,2,2,0.0113,3.0159,2.9891,0.4002
Burst,463.8,15,2,1,0.0056,4.0681,-4.0654,0.149
Burst,463.8,25,1,11,0.0619,3.0082,2.6643,0.4113
Burst,464.3,5,1,7,0.0394,3.2575,-2.4254,0.5676
Burst,464.3,15,1,3,0.0169,3.4463,0.6929,-0.0684
Burst,464.8,5,0,9,0.0506,4.2473,-3.6582,1.7229
Burst,464.8,12,2,1,0.0056,5.458,-5.4523,0.2483
Burst,465.3,5,0,7,0.0394,3.4558,-3.0659,0.9266
Burst,465.3,5,1,9,0.0506,3.3044,-2.3749,0.5892
Burst,465.8,5,0,6,0.0338,3.2135,-2.9547,0.7306
Burst,465.8,12,2,1,0.0056,5.399,-5.3936,0.2431
Burst,465.8,15,1,1,0.0056,4.1132,-4.1112,0.1278
Burst,466.3,9,2,1,0.0056,6.7434,-6.7396,0.2286
Burst,466.86,15,1,2,0.0113,3.1515,-0.968,0.1869
Burst,467.36,5,0,6,0.0338,4.2155,-3.3978,2.304
Burst,467.36,15,2,1,0.0056,4.2001,-4.1969,0.1642
Burst,467.87,5,1,11,0.0619,3.5846,-3.0725,0.8638
Burst,467.87,15,2,2,0.0113,3.2635,3.2532,0.1577
Burst,468.37,5,0,5,0.0281,3.486,-3.2271,1.0683
Burst,468.87,5,1,12,0.0675,3.0522,-2.3697,0.0659
Burst,469.38,25,1,13,0.0731,3.0459,2.7077,0.2951
Burst,469.88,25,1,15,0.0844,3.1721,2.9632,0.0092
Burst,470.38,9,2,1,0.0056,6.8679,-6.8607,0.3138
Burst,470.38,15,1,1,0.0056,4.2589,-4.2512,0.2573
Burst,470.89,5,0,8,0.045,3.2293,-2.6798,1.2832
Burst,470.89,15,2,1,0.0056,4.2601,-4.2506,0.2842
Burst,471.39,5,0,8,0.045,4.16,-3.4225,1.9893
Burst,471.39,15,1,2,0.0113,4.5181,4.4919,0.4853
Burst,471.89,5,0,7,0.0394,4.7293,-4.1406,1.7708
Burst,471.89,12,2,1,0.0056,3.2087,3.1713,0.4887
Burst,471.89,15,2,1,0.0056,4.2578,-4.2475,0.2966
Burst,472.39,5,0,6,0.0338,4.5918,-4.0766,1.7402
Burst,472.39,12,2,1,0.0056,5.4821,-5.4765,0.249
Burst,473.39,5,0,5,0.0281,3.2677,-3.0402,0.6168
Burst,473.39,9,2,1,0.0056,6.8706,-6.8641,0.2997
Burst,473.39,15,1,1,0.0056,4.4555,4.4402,0.3694
Burst,474.39,15,2,1,0.0056,3.4878,3.406,0.7506
Burst,474.89,5,0,6,0.0338,3.219,-3.0035,0.9555
Burst,475.4,5,0,7,0.0394,4.4938,-3.783,1.6628
Burst,475.4,15,2,1,0.0056,4.381,4.3584,0.4444
Burst,475.9,5,0,7,0.0394,3.2485,-2.9196,0.5594
Burst,476.4,5,0,7,0.0394,3.8561,-3.2616,1.114
Burst,476.4,12,2,1,0.0056,3.1047,3.0675,0.4791
Burst,476.4,15,2,2,0.0113,4.2233,0.1353,0.3439
Burst,477.4,12,2,1,0.0056,3.0407,3.0169,0.3797
Burst,478.9,5,1,8,0.045,3.7475,-3.0252,0.7335
Burst,478.9,15,2,1,0.0056,4.3036,4.2912,0.3271
Burst,479.4,5,1,9,0.0506,4.227,-3.6698,1.1224
Burst,479.4,15,1,2,0.0113,3.2852,-0.8157,-0.0607
Burst,479.4,22,2,1,0.0056,3.007,2.981,0.3945
Burst,480.45,5,1,9,0.0506,3.0759,-2.8406,0.3829
Burst,480.45,15,2,1,0.0056,4.0697,-4.0664,0.1656
Burst,480.45,25,2,1,0.0056,7.0398,6.0199,3.6497
Burst,480.97,5,0,3,0.0169,4.4519,-3.6727,2.1795
Burst,480.97,5,1,11,0.0619,3.2187,-2.9523,0.2786
Burst,480.97,9,2,1,0.0056,6.4756,-6.471,0.244
Burst,480.97,15,1,1,0.0056,4.3227,4.2998,0.4442
Burst,481.47,5,0,1,0.0056,4.2067,-3.8151,1.7725
Burst,481.47,5,1,11,0.0619,3.6654,-3.0445,0.7454
Burst,481.47,12,2,1,0.0056,3.0705,3.0356,0.4616
Burst,481.97,5,0,1,0.0056,4.384,-3.8801,2.0406
Burst,482.48,5,0,2,0.0113,3.8556,-3.5196,1.0449
Burst,482.48,12,2,1,0.0056,3.0057,2.9872,0.3322
Burst,482.48,15,1,1,0.0056,4.0278,-4.0251,0.1485
Burst,482.98,5,0,1,0.0056,3.0747,-3.0436,0.4365
Burst,482.98,12,2,1,0.0056,3.0277,2.9959,0.4381
Burst,483.48,5,0,1,0.0056,3.1986,-3.009,1.0847
Burst,483.98,12,2,1,0.0056,3.0404,3.0043,0.467
Burst,483.98,15,1,2,0.0113,3.3609,3.354,0.123
Burst,484.48,12,2,1,0.0056,5.3702,-5.3641,0.2565
Burst,484.48,15,2,1,0.0056,4.0711,-4.0683,0.1527
Burst,484.99,12,2,1,0.0056,3.0066,2.9667,0.4883
Burst,484.99,15,1,2,0.0113,3.1236,-0.8932,-0.0633
Burst,485.49,23,2,1,0.0056,7.2463,6.1937,3.7613
Burst,485.99,15,1,2,0.0113,3.2533,3.2368,0.1221
Burst,485.99,15,2,1,0.0056,4.174,-4.1659,0.2605
Burst,485.99,24,2,1,0.0056,12.1574,9.8664,7.1032
Burst,486.99,15,1,2,0.0113,3.1081,-1.1864,-0.5065
Burst,487.49,5,0,5,0.0281,3.252,-2.7088,1.3425
Burst,487.49,15,1,1,0.0056,4.3219,4.311,0.3061
Burst,487.99,5,0,4,0.0225,3.5169,-3.0542,1.5769
Burst,487.99,5,1,11,0.0619,3.7251,-3.0729,1.2881
Burst,488.49,5,0,4,0.0225,4.6371,-3.2941,2.5849
Burst,488.49,12,2,1,0.0056,5.2684,-5.2616,0.2683
Burst,488.49,15,1,1,0.0056,3.4167,3.3386,0.7264
Burst,488.49,15,2,2,0.0113,3.1658,3.1578,0.1433
Burst,489.0,9,2,1,0.0056,6.48,-6.4783,0.1491
Burst,489.5,5,0,5,0.0281,3.0789,-2.7257,0.5486
Burst,490.0,12,2,1,0.0056,5.333,-5.3303,0.1704
Burst,490.5,15,1,1,0.0056,4.2425,4.2276,0.3544
Burst,491.0,5,0,4,0.0225,4.4337,-3.3895,2.016
Burst,491.5,15,2,1,0.0056,4.0945,-4.0916,0.1533
Burst,491.5,25,1,15,0.0844,3.6077,3.2444,0.4711
Burst,493.07,15,1,1,0.0056,4.2997,4.2852,0.352
Burst,493.07,25,1,14,0.0788,3.0617,2.764,0.0917
Burst,493.57,9,2,1,0.0056,3.2573,-3.2547,0.1312
Burst,493.57,15,1,2,0.0113,3.2764,-0.7663,0.0109
Burst,494.07,15,2,1,0.0056,4.1742,4.1551,0.3991
Burst,494.57,5,1,7,0.0394,3.4514,-2.6772,1.0787
Burst,494.57,12,2,1,0.0056,5.2665,-5.2643,0.1529
Burst,494.57,15,1,2,0.0113,3.0044,-1.0485,-0.0879
Burst,495.08,5,0,12,0.0675,3.3992,-2.9654,0.9585
Burst,495.08,5,1,9,0.0506,3.1183,-2.5727,0.4991
Burst,495.08,9,2,1,0.0056,4.0472,-4.0471,-0.0217
Burst,495.08,12,2,1,0.0056,5.2674,-5.2641,0.1875
Burst,495.58,15,2,1,0.0056,4.1969,4.1784,0.3942
Burst,496.09,5,1,9,0.0506,3.0347,-2.5685,-0.0976
Burst,496.09,12,2,1,0.0056,5.1732,-5.169,0.2095
Burst,496.09,15,1,2,0.0113,3.1688,3.1372,0.4229
Burst,496.59,5,1,10,0.0563,3.0623,-2.7123,0.0762
Burst,497.09,9,2,1,0.0056,6.4835,-6.4793,0.2331
Burst,497.09,15,1,2,0.0113,3.2031,3.1905,0.2809
Burst,497.59,26,2,1,0.0056,4.5734,3.9601,2.2877
Burst,498.09,9,2,1,0.0056,6.3457,-6.3432,0.1783
Burst,498.59,12,2,1,0.0056,3.0323,3.0113,0.3562
Burst,498.59,15,2,1,0.0056,4.2546,4.2337,0.4212
Burst,499.09,9,2,1,0.0056,4.2739,-4.2739,0.0055
Burst,499.09,12,2,1,0.0056,5.1751,-5.1717,0.1864
Burst,499.09,15,1,2,0.0113,3.1319,3.0859,-0.0636
Burst,499.59,15,1,2,0.0113,3.0537,-0.8324,0.1093
Burst,500.09,6,2,1,0.0056,4.1396,-3.9163,1.3413
Burst,500.09,15,1,1,0.0056,3.8822,-3.8792,0.1542
Burst,500.09,25,1,15,0.0844,3.0799,2.8276,0.1271
Burst,500.59,5,0,8,0.045,3.3596,-3.0965,0.8846
Burst,500.59,15,2,2,0.0113,3.033,-3.0291,0.1534
Burst,501.1,5,0,9,0.0506,3.062,-2.8874,0.6318
Burst,501.1,5,1,5,0.0281,4.1532,-3.5016,1.0044
Burst,501.1,9,2,1,0.0056,6.4338,-6.4319,0.1562
Burst,501.1,15,1,2,0.0113,3.2443,3.2192,-0.0459
Burst,501.6,5,0,8,0.045,3.6829,-3.269,1.2243
Burst,502.6,15,2,1,0.0056,3.9292,-3.9266,0.143
Burst,503.1,15,1,2,0.0113,4.0771,0.0946,0.2734
Burst,503.6,5,1,4,0.0225,4.1092,-3.6396,0.7288
Burst,504.66,12,2,1,0.0056,3.0167,2.9866,0.425
Burst,505.17,15,1,2,0.0113,3.0952,3.0799,0.1577
Burst,505.17,15,2,1,0.0056,3.4029,3.3227,0.7341
Burst,505.68,12,2,1,0.0056,3.0042,2.9791,0.3878
Burst,506.18,12,2,2,0.0113,3.0868,-3.0347,-0.1013
Burst,506.18,15,1,2,0.0113,3.2224,3.2032,0.0377
Burst,506.68,15,2,1,0.0056,3.394,3.3112,0.745
Burst,507.18,5,0,13,0.0731,4.1942,-3.5149,1.3153
Burst,507.18,15,1,1,0.0056,4.0132,-4.0058,0.2432
Burst,507.68,5,0,11,0.0619,3.5441,-3.069,0.9193
Burst,507.68,5,1,4,0.0225,3.8038,-3.0612,0.8134
Burst,508.18,5,0,12,0.0675,3.4133,-3.0505,0.8973
Burst,508.18,9,2,1,0.0056,4.0812,-4.0812,-0.0102
Burst,508.69,5,0,10,0.0563,3.7741,-3.3583,1.1986
Burst,509.19,5,0,10,0.0563,3.2444,-2.8881,1.1099
Burst,509.19,5,1,5,0.0281,3.28,-2.7585,0.5885
Burst,509.69,5,1,4,0.0225,4.0964,-3.3554,1.8004
Burst,510.19,5,0,8,0.045,3.4863,-2.8643,1.5364
Burst,510.7,5,0,8,0.045,3.0571,-2.6296,1.0951
Burst,510.7,5,1,7,0.0394,5.1731,-4.3874,2.0692
Burst,511.2,5,0,8,0.045,4.5411,-3.8038,1.6317
Burst,511.2,5,1,7,0.0394,3.2848,-2.9566,0.8007
Burst,511.2,15,2,1,0.0056,4.1617,4.1398,0.4268
Burst,511.7,5,1,9,0.0506,3.5664,-3.2485,0.8414
Burst,511.7,15,1,1,0.0056,3.8946,-3.8886,0.215
Burst,512.2,12,2,1,0.0056,5.1752,-5.1702,0.2269
Burst,512.2,25,1,14,0.0788,3.1982,2.8913,0.2411
Burst,513.2,5,0,7,0.0394,3.3456,-3.0469,0.9918
Burst,513.7,5,0,7,0.0394,3.816,-3.3702,1.4129
Burst,513.7,5,1,8,0.045,3.0938,-2.6596,0.1809
Burst,515.26,5,1,8,0.045,3.4418,-2.9855,0.3169
Burst,515.26,12,2,1,0.0056,5.0466,-5.0438,0.1658
Burst,515.26,15,2,2,0.0113,3.0587,3.0446,0.1676
Burst,515.76,5,0,10,0.0563,3.1175,-2.7745,0.5023
Burst,516.27,5,0,8,0.045,4.3012,-3.7661,1.6178
Burst,516.27,5,1,8,0.045,3.4796,-2.9746,0.3514
Burst,516.27,12,2,1,0.0056,5.0179,-5.0171,0.0882
Burst,516.77,5,1,8,0.045,3.8083,-3.2539,0.7396
Burst,517.28,5,1,10,0.0563,3.0967,-2.6904,0.23
Burst,517.78,12,2,1,0.0056,4.9739,-4.9716,0.1514
Burst,518.28,26,2,1,0.0056,4.9532,4.3924,2.2894
Burst,518.78,15,2,1,0.0056,4.0942,4.0662,0.4777
Burst,519.79,5,1,8,0.045,3.3805,-2.8559,0.7056
Burst,519.79,15,1,1,0.0056,3.8408,-3.8327,0.248
Burst,520.29,15,1,2,0.0113,3.2295,-0.7407,-0.3025
Burst,520.79,15,1,2,0.0113,3.3463,3.3123,-0.0605
Burst,521.79,5,0,4,0.0225,5.0485,-4.3575,1.9482
Burst,521.79,5,1,7,0.0394,3.3727,-2.8633,0.9006
Burst,522.29,5,0,2,0.0113,3.4006,-3.1783,0.557
Burst,522.29,5,1,11,0.0619,3.8723,-3.4078,0.9948
Burst,522.29,15,1,3,0.0169,3.1583,-2.1287,0.0385
Burst,522.79,15,2,2,0.0113,3.0907,-0.885,0.1728
Burst,523.29,5,1,13,0.0731,3.6605,-2.9926,0.9851
Burst,523.29,15,1,1,0.0056,3.8875,-3.8802,0.2369
Burst,523.8,5,1,11,0.0619,3.1532,-2.5601,0.7363
Burst,524.3,12,2,1,0.0056,3.0173,-3.0173,0.0001
Burst,525.3,15,2,1,0.0056,3.912,-3.9072,0.1932
Burst,525.8,5,1,9,0.0506,3.3209,-2.8521,0.6196
Burst,526.3,5,1,9,0.0506,3.4796,-3.1339,0.6047
Burst,526.8,5,0,10,0.0563,3.4928,-3.1315,0.7085
Burst,527.3,5,0,8,0.045,3.4382,-2.9591,0.9844
Burst,527.3,12,2,1,0.0056,5.1909,-5.188,0.173
Burst,527.3,15,2,1,0.0056,3.2952,3.2199,0.7002
Burst,527.8,5,1,8,0.045,3.0893,-2.6017,0.311
Burst,527.8,15,1,2,0.0113,3.4154,3.3788,-0.1419
Burst,528.3,5,0,8,0.045,3.7305,-3.3323,0.7703
Burst,528.3,9,2,1,0.0056,6.3813,-6.3786,0.1858
Burst,528.3,24,1,12,0.0675,3.2181,2.9385,0.8522
Burst,528.3,25,2,1,0.0056,6.1568,6.0351,1.2179
Burst,528.8,5,0,7,0.0394,3.7156,-3.3332,0.6324
Burst,528.8,15,2,1,0.0056,3.9071,-3.8993,0.2467
Burst,529.3,12,2,1,0.0056,5.1837,-5.1793,0.2144
Burst,529.3,15,1,2,0.0113,3.1926,3.1822,0.1235
Burst,529.3,24,1,11,0.0619,3.0127,2.7275,0.8653
Burst,529.86,15,1,2,0.0113,3.0697,3.0589,0.2136
Burst,529.86,15,2,1,0.0056,4.1769,4.1534,0.443
Burst,530.36,9,2,1,0.0056,6.2802,-6.2791,0.1174
Burst,530.86,5,0,9,0.0506,3.537,-3.1216,0.6303
Burst,530.86,15,1,2,0.0113,3.3316,3.2745,-0.1495
Burst,531.36,5,0,9,0.0506,3.5065,-3.0689,1.0354
Burst,531.86,5,1,4,0.0225,3.599,-3.0703,0.7104
Burst,531.86,15,2,1,0.0056,4.1795,4.1676,0.3156
Burst,532.37,5,1,4,0.0225,4.7264,-4.0659,1.5047
Burst,532.37,15,2,3,0.0169,3.3611,-1.9237,0.2139
Burst,532.88,12,2,1,0.0056,5.3417,-5.3332,0.3007
Burst,533.38,5,0,11,0.0619,3.804,-3.1627,1.1798
Burst,533.38,12,2,1,0.0056,5.4212,-5.415,0.2611
Burst,533.88,5,1,7,0.0394,4.4594,-3.8767,1.4267
Burst,533.88,9,2,1,0.0056,6.6574,-6.6532,0.2368
Burst,533.88,23,2,1,0.0056,3.3867,3.363,0.3999
Burst,534.38,5,0,10,0.0563,3.4701,-2.7888,0.943
Burst,534.38,5,1,7,0.0394,5.0312,-4.194,2.0671
Burst,534.38,12,2,1,0.0056,5.3472,-5.3395,0.2861
Burst,534.38,15,2,1,0.0056,4.3205,4.3006,0.4137
Burst,534.38,23,2,1,0.0056,3.4449,3.4449,-0.0038
Burst,534.89,5,0,9,0.0506,3.0815,-2.6629,0.7408
Burst,534.89,24,2,1,0.0056,3.1866,3.0882,-0.7858
Burst,535.39,5,0,8,0.045,4.0521,-3.4959,1.7244
Burst,535.39,24,2,1,0.0056,3.0617,2.99,-0.6588
Burst,535.89,5,0,5,0.0281,4.6552,-3.7238,2.0709
Burst,535.89,15,1,2,0.0113,3.3583,-0.8116,-0.0966
Burst,535.89,24,2,1,0.0056,3.2861,3.2804,-0.1937
Burst,536.39,12,2,1,0.0056,3.1048,3.064,0.5014
Burst,536.39,15,2,1,0.0056,4.0556,-4.0502,0.2109
Burst,536.39,24,2,1,0.0056,3.3777,3.3777,0.0124
Burst,536.89,24,2,1,0.0056,3.4777,3.4066,0.6998
Burst,537.39,24,2,1,0.0056,3.3294,3.3204,0.2441
Burst,537.89,15,1,1,0.0056,4.3166,4.2942,0.4391
Burst,537.89,24,2,1,0.0056,3.0801,3.0766,-0.1476
Burst,538.9,5,0,6,0.0338,3.074,-2.8021,0.8394
Burst,538.9,15,1,2,0.0113,3.0583,3.0428,0.1671
Burst,539.4,5,0,7,0.0394,3.0383,-2.789,0.9252
Burst,539.4,12,2,1,0.0056,3.0545,3.0169,0.4779
Burst,539.9,5,1,7,0.0394,3.5818,-2.6188,0.9692
Burst,539.9,12,2,1,0.0056,3.112,3.0878,0.3876
Burst,539.9,15,2,1,0.0056,4.38,4.3472,0.535
Burst,540.4,15,1,1,0.0056,3.1907,3.1228,0.6546
Burst,541.4,5,0,10,0.0563,3.5084,-3.0761,1.2006
Burst,541.4,12,2,1,0.0056,3.1444,-3.1444,0.0092
Burst,541.9,5,1,8,0.045,3.1082,-2.126,0.0485
Burst,541.9,15,1,1,0.0056,4.0925,-4.0855,0.239
Burst,542.97,5,0,7,0.0394,3.4141,-3.1417,0.8926
Burst,543.48,5,0,8,0.045,3.7189,-3.1186,0.8608
Burst,543.48,15,2,1,0.0056,4.3863,4.3621,0.4608
Burst,543.98,12,2,1,0.0056,3.1453,3.111,0.4636
Burst,543.98,15,1,2,0.0113,4.2812,0.0792,0.3576
Burst,544.98,15,1,2,0.0113,3.4825,3.4696,0.2211
Burst,545.49,5,1,4,0.0225,3.5927,-3.1384,0.7445
Burst,545.99,5,1,5,0.0281,3.5515,-3.1308,0.4587
Burst,545.99,9,2,1,0.0056,6.7636,-6.7595,0.2365
Burst,545.99,26,2,1,0.0056,3.0718,3.0688,0.1371
Burst,546.5,5,0,9,0.0506,3.2345,-2.6792,0.442
Burst,546.5,12,2,1,0.0056,5.481,-5.4747,0.2633
Burst,546.5,15,2,2,0.0113,3.1874,-1.0008,0.1116
Burst,546.5,26,2,1,0.0056,3.9458,3.3112,2.1461
Burst,547.0,5,1,3,0.0169,5.2592,-4.3505,1.9076
Burst,547.0,15,2,1,0.0056,4.4419,4.4143,0.4949
Burst,548.0,15,1,2,0.0113,3.171,-1.1069,-0.2943
Burst,548.56,12,2,1,0.0056,3.0943,3.0624,0.4429
Burst,549.06,5,0,8,0.045,3.3302,-2.8168,0.408
Burst,549.06,5,1,4,0.0225,4.6294,-3.8836,1.4221
Burst,549.06,15,1,2,0.0113,3.1243,-0.975,0.0701
Burst,549.56,5,0,8,0.045,3.305,-2.7714,0.8088
Burst,549.56,5,1,5,0.0281,4.0665,-3.5385,1.1857
Burst,550.06,5,1,5,0.0281,3.564,-3.0801,0.6667
Burst,550.57,12,2,1,0.0056,3.1349,3.111,0.386
Burst,551.07,12,2,1,0.0056,5.4757,-5.4706,0.2369
Burst,551.57,12,2,1,0.0056,3.1012,3.0668,0.4604
Burst,552.08,12,2,1,0.0056,5.4887,-5.4796,0.3154
Burst,552.58,5,0,10,0.0563,3.4181,-2.8732,0.7715
Burst,552.58,5,1,1,0.0056,3.9384,-3.187,2.3138
Burst,552.58,12,2,1,0.0056,3.0967,3.067,0.4275
Burst,553.08,5,1,2,0.0113,4.999,-4.315,2.3819
Burst,553.08,12,2,1,0.0056,3.0814,3.0577,0.3811
Burst,553.59,12,2,1,0.0056,5.4101,-5.4061,0.2071
Burst,554.59,5,0,8,0.045,3.1199,-2.745,0.9144
Burst,554.59,15,1,2,0.0113,3.1515,3.1439,0.1526
Burst,555.09,5,1,4,0.0225,6.7843,-5.7295,3.3187
Burst,555.59,5,1,3,0.0169,3.0576,-2.6112,1.1437
Burst,555.59,12,2,1,0.0056,5.4228,-5.4199,0.1757
Burst,555.59,15,1,2,0.0113,3.0674,-0.9847,0.0717
Burst,556.09,5,0,5,0.0281,3.3414,-2.0529,1.9499
Burst,556.09,15,2,1,0.0056,4.1934,-4.1877,0.2182
Burst,556.09,23,2,1,0.0056,3.4258,3.3701,0.615
Burst,556.09,25,1,17,0.0956,3.1307,2.8431,0.1767
Burst,556.59,5,1,4,0.0225,5.3223,-4.3661,2.336
Burst,556.59,12,2,1,0.0056,3.0883,3.0645,0.3829
Burst,556.59,15,2,1,0.0056,4.4231,4.4004,0.4482
Burst,556.59,23,2,1,0.0056,3.2147,3.2147,-0.0193
Burst,557.09,24,2,1,0.0056,3.5353,3.4787,0.6301
Burst,557.6,24,2,1,0.0056,3.4398,3.4261,0.3062
Burst,558.1,5,0,7,0.0394,3.3064,-2.7674,1.1356
Burst,558.1,15,1,2,0.0113,3.0759,-1.0349,0.2101
Burst,558.1,24,2,1,0.0056,3.3088,3.2579,-0.5782
Burst,558.6,5,1,8,0.045,4.6123,-3.4548,2.1108
Burst,558.6,15,2,1,0.0056,4.1349,-4.1274,0.2477
Burst,558.6,24,2,1,0.0056,3.0681,2.9716,-0.7632
Burst,559.1,5,1,9,0.0506,3.6273,-2.6868,1.3427
Burst,559.1,15,1,2,0.0113,3.0937,-1.1864,0.1232
Burst,559.1,24,2,1,0.0056,3.3778,3.3524,-0.4132
Burst,559.66,24,2,1,0.0056,3.3172,3.2998,0.3386
Burst,560.68,12,2,1,0.0056,5.6491,-5.6468,0.1603
Burst,560.68,15,1,3,0.0169,3.6526,0.8811,0.2045
Burst,561.18,5,0,7,0.0394,3.6071,-2.6123,1.0043
Burst,561.68,5,0,9,0.0506,3.7939,-2.686,0.9042
Burst,561.68,5,1,5,0.0281,3.8975,-2.842,0.9916
Burst,561.68,9,2,1,0.0056,6.8127,-6.808,0.2546
Burst,562.18,5,1,8,0.045,3.7186,-2.551,1.2429
Burst,562.69,5,0,5,0.0281,3.855,-2.4112,0.286
Burst,562.69,23,2,1,0.0056,8.7846,7.5648,4.4657
Burst,563.19,5,0,6,0.0338,4.1828,-2.7714,0.8448
Burst,563.19,5,1,7,0.0394,4.6484,-3.7445,1.9012
Burst,563.69,5,0,4,0.0225,3.7138,-2.2219,0.781
Burst,563.69,5,1,9,0.0506,4.1819,-3.3267,1.645
Burst,563.69,9,2,1,0.0056,6.9314,-6.9259,0.2772
Burst,563.69,15,1,1,0.0056,4.5661,4.5431,0.4579
Burst,564.19,5,0,4,0.0225,4.3682,-3.9415,1.676
Burst,564.19,5,1,10,0.0563,3.7433,-2.95,1.3334
Burst,564.69,12,2,1,0.0056,3.0595,-3.0594,-0.0298
Burst,564.69,15,2,1,0.0056,4.3132,-4.3058,0.2524
Burst,565.19,24,2,1,0.0056,3.9605,3.8164,1.0585
Burst,566.2,15,1,1,0.0056,4.4828,4.4698,0.3413
Burst,566.7,5,0,3,0.0169,5.3416,-4.1707,2.726
Burst,567.2,15,2,1,0.0056,4.2529,-4.2483,0.1977
Burst,567.2,26,2,1,0.0056,3.9405,3.7694,1.1485
Burst,567.7,15,1,2,0.0113,3.1309,3.1159,0.1349
Burst,567.7,25,2,3,0.0169,3.0232,1.3342,1.8244
Burst,567.7,26,2,1,0.0056,3.0647,2.9006,0.9894
Burst,568.2,12,2,1,0.0056,3.1838,3.1436,0.5041
Burst,568.2,15,1,1,0.0056,4.2704,-4.2679,0.1469
Burst,568.2,15,2,1,0.0056,4.4961,4.4756,0.4286
Burst,568.7,9,2,1,0.0056,6.7446,-6.744,0.091
Burst,568.7,12,2,1,0.0056,5.5862,-5.5836,0.1709
Burst,568.7,24,1,17,0.0956,3.0916,2.8078,0.8826
Burst,569.2,5,1,9,0.0506,3.2663,-2.892,0.0981
Burst,569.2,12,2,1,0.0056,3.1415,3.1104,0.4415
Burst,569.7,12,2,1,0.0056,5.5883,-5.5869,0.1216
Burst,570.2,15,2,1,0.0056,4.1638,-4.1633,0.0683
Burst,570.76,5,0,7,0.0394,3.834,-3.3468,1.1431
Burst,571.26,12,2,1,0.0056,5.4649,-5.4632,0.1344
Burst,571.26,15,1,2,0.0113,3.2139,3.1981,0.0965
Burst,571.76,15,2,1,0.0056,4.5051,4.4825,0.4509
Burst,572.26,15,2,1,0.0056,4.2566,-4.2564,0.0479
Burst,572.78,12,2,1,0.0056,3.6985,-3.6985,-0.0214
Burst,572.78,15,1,1,0.0056,4.4085,4.3881,0.4235
Burst,573.28,5,0,9,0.0506,3.0422,-2.7916,0.6296
Burst,573.28,15,1,2,0.0113,3.3482,3.3335,0.2388
Burst,573.28,26,2,1,0.0056,5.1194,3.7276,3.5091
Burst,573.78,5,0,10,0.0563,3.1862,-2.8794,0.6498
Burst,573.78,12,2,1,0.0056,3.2303,3.2042,0.4095
Burst,573.78,15,2,1,0.0056,4.2924,-4.2871,0.213
Burst,574.28,12,2,1,0.0056,3.1946,3.1737,0.3645
Burst,574.78,5,0,9,0.0506,3.5149,-3.0577,1.1374
Burst,575.28,5,1,7,0.0394,4.1845,-3.3917,0.8601
Burst,575.28,12,2,1,0.0056,5.5446,-5.539,0.2486
Burst,575.28,26,2,3,0.0169,3.9132,3.4246,1.0918
Burst,576.29,15,1,2,0.0113,3.4796,3.4443,0.0054
Burst,576.79,15,2,1,0.0056,3.5911,3.5063,0.7759
Burst,577.29,15,1,2,0.0113,3.262,3.2304,0.0475
Burst,577.79,5,0,7,0.0394,3.2409,-2.7593,0.5671
Burst,577.79,12,2,1,0.0056,3.1757,3.154,0.37
Burst,578.29,5,0,8,0.045,3.103,-2.8037,0.6422
Burst,578.29,5,1,6,0.0338,4.6706,-3.9909,1.2488
Burst,578.29,9,2,1,0.0056,6.8441,-6.8407,0.2169
Burst,578.29,15,2,1,0.0056,4.5649,4.5388,0.4867
Burst,578.79,5,0,8,0.045,3.9811,-3.513,1.4044
Burst,578.79,5,1,7,0.0394,3.5951,-3.1619,0.7454
Burst,578.79,12,2,1,0.0056,3.2629,-3.2629,0.0079
Burst,578.79,15,1,2,0.0113,3.0945,3.0807,0.1245
Burst,579.29,5,0,6,0.0338,3.8388,-3.4513,1.5438
Burst,579.29,15,1,2,0.0113,3.2656,-0.9808,0.0051
Burst,579.79,5,1,8,0.045,3.1997,-2.6447,0.4546
Burst,579.79,12,2,1,0.0056,5.569,-5.563,0.2566
Burst,579.79,15,2,1,0.0056,4.5301,4.5044,0.4818
Burst,580.29,5,0,8,0.045,3.8983,-3.3373,1.3604
Burst,580.29,12,2,1,0.0056,3.2121,3.1727,0.5015
Burst,580.29,15,1,2,0.0113,3.3789,-3.3734,0.1177
Burst,580.79,5,1,5,0.0281,3.0262,-2.5529,0.3906
Burst,580.79,15,1,2,0.0113,3.1984,3.1802,0.0906
Burst,581.29,12,2,1,0.0056,3.063,-3.063,-0.0019
Burst,581.29,15,2,1,0.0056,4.2552,-4.2467,0.2679
Burst,581.8,15,2,2,0.0113,3.2674,3.2592,0.1856
Burst,582.3,5,0,10,0.0563,4.1107,-3.6094,1.1987
Burst,582.3,9,2,1,0.0056,6.8753,-6.8708,0.2494
Burst,582.3,12,2,1,0.0056,5.4955,-5.4943,0.117
Burst,582.8,5,0,9,0.0506,3.5018,-3.1568,0.9189
Burst,582.8,5,1,4,0.0225,4.0074,-3.4141,0.8927
Burst,582.8,15,2,1,0.0056,4.413,4.3859,0.4878
Burst,583.3,15,2,1,0.0056,4.4363,4.4201,0.3796
Burst,583.8,12,2,2,0.0113,3.8717,-1.6556,0.5068
Burst,584.3,5,0,11,0.0619,3.5937,-3.1873,0.8972
Burst,584.86,5,1,5,0.0281,3.435,-3.0213,1.0823
Burst,584.86,12,2,1,0.0056,5.4045,-5.3993,0.2369
Burst,584.86,15,1,1,0.0056,3.4869,3.409,0.7332
Burst,585.36,5,0,10,0.0563,3.2593,-2.8732,0.6816
Burst,585.36,15,2,2,0.0113,3.8314,-0.3337,0.5241
Burst,586.38,5,1,6,0.0338,3.5451,-3.0295,1.3532
Burst,586.38,15,1,1,0.0056,3.3543,-3.3329,-0.3781
Burst,586.88,5,1,5,0.0281,3.0754,-2.7663,0.1408
Burst,586.88,9,2,1,0.0056,6.5611,-6.5593,0.1541
Burst,586.88,12,2,1,0.0056,3.6918,-3.6918,0.0166
Burst,587.39,5,0,12,0.0675,3.5463,-3.0787,1.1802
Burst,587.39,15,1,2,0.0113,3.3481,3.3295,0.0646
Burst,587.89,5,0,10,0.0563,3.1239,-2.7486,0.8362
Burst,587.89,5,1,6,0.0338,5.2818,-4.5361,1.8269
Burst,587.89,15,2,1,0.0056,4.1241,-4.1201,0.1811
Burst,587.89,25,1,17,0.0956,3.003,2.613,0.2613
Burst,588.39,5,0,10,0.0563,3.4928,-3.0372,1.4255
Burst,588.39,25,1,16,0.09,3.2137,2.8197,0.4829
Burst,588.89,5,1,9,0.0506,3.5064,-3.0141,0.5436
Burst,588.89,9,2,1,0.0056,6.7511,-6.7482,0.1987
Burst,588.89,15,2,1,0.0056,4.4486,4.4347,0.3512
Burst,588.89,24,1,13,0.0731,3.2758,2.9487,1.0348
Burst,589.39,5,1,9,0.0506,3.2943,-2.9204,0.5986
Burst,589.39,12,2,2,0.0113,3.5301,-1.9684,0.2595
Burst,589.39,15,2,1,0.0056,4.1908,-4.1864,0.1905
Burst,589.89,5,0,9,0.0506,3.8492,-3.3875,1.1632
Burst,590.39,9,2,1,0.0056,6.7415,-6.7389,0.189
Burst,590.39,15,1,2,0.0113,4.4806,4.4612,0.415
Burst,590.39,24,1,12,0.0675,3.0302,2.8079,0.6348
Burst,590.89,5,0,10,0.0563,3.1087,-2.6536,0.6903
Burst,590.89,15,2,2,0.0113,3.1123,-1.0737,0.1144
Burst,591.39,5,1,10,0.0563,3.9278,-2.6867,1.5297
Burst,591.39,12,2,1,0.0056,5.4933,-5.4876,0.2503
Burst,592.4,5,0,8,0.045,3.6559,-2.6899,1.2565
Burst,592.4,9,2,1,0.0056,4.9841,-4.9841,-0.0066
Burst,592.4,15,1,1,0.0056,4.1948,-4.1911,0.1766
Burst,592.9,15,1,2,0.0113,3.0624,-1.1099,0.1014
Burst,592.9,15,2,1,0.0056,4.4244,4.4045,0.4193
Burst,593.4,15,1,2,0.0113,3.1984,3.1282,-0.1135
Burst,593.9,23,2,2,0.0113,3.0344,2.9357,0.1153
Burst,594.4,23,2,2,0.0113,3.1719,3.1389,0.1891
Burst,594.9,23,2,1,0.0056,3.1662,3.1273,0.495
Burst,594.9,24,2,1,0.0056,3.2325,3.1643,-0.6605
Burst,595.4,23,2,1,0.0056,3.3848,3.335,0.5783
Burst,595.4,24,2,1,0.0056,3.3187,3.3153,-0.1495
Burst,595.9,24,2,2,0.0113,3.3161,3.2237,0.7481
Burst,596.46,12,2,1,0.0056,5.5721,-5.5663,0.2551
Burst,596.46,24,2,2,0.0113,3.2935,3.2764,0.2989
Burst,596.96,15,2,1,0.0056,3.5577,3.4892,0.6947
Burst,596.96,24,2,2,0.0113,3.155,3.11,-0.4421
Burst,597.47,9,2,1,0.0056,6.8496,-6.8482,0.1356
Burst,597.47,12,2,1,0.0056,3.1997,3.1686,0.4455
Burst,597.47,15,2,1,0.0056,4.424,4.4076,0.3813
Burst,597.47,24,2,2,0.0113,3.1703,3.1348,-0.4624
Burst,597.47,26,2,2,0.0113,3.7433,1.0961,2.4132
Burst,597.97,15,1,1,0.0056,4.2634,-4.2634,0.0204
Burst,598.48,15,1,2,0.0113,3.247,3.2267,0.072
Burst,598.98,5,0,5,0.0281,3.0809,-2.4324,-0.3008
Burst,598.98,24,2,1,0.0056,3.0092,2.9999,0.2364
Burst,599.49,15,1,2,0.0113,3.2956,-0.8899,0.0686
Burst,599.99,5,0,8,0.045,3.685,-3.2484,1.0443
Burst,600.49,5,0,8,0.045,3.241,-2.8609,0.9073
Burst,600.49,5,1,6,0.0338,3.5226,-2.4686,0.0954
Burst,600.99,5,1,5,0.0281,4.1919,-3.4211,1.515
Burst,601.5,5,0,8,0.045,3.0644,-2.7828,0.5892
Burst,601.5,12,2,1,0.0056,3.1063,3.0769,0.4261
Burst,601.5,15,1,2,0.0113,3.123,3.1097,0.2006
Burst,602.0,5,0,9,0.0506,3.4693,-2.9179,0.9723
Burst,602.0,5,1,5,0.0281,4.6498,-4.0683,1.7448
Burst,602.0,9,2,1,0.0056,4.4394,-4.4394,0.001
Burst,602.0,15,2,1,0.0056,4.2947,4.279,0.3669
Burst,602.5,12,2,1,0.0056,5.3849,-5.3827,0.1545
Burst,602.5,15,1,1,0.0056,4.2385,-4.2299,0.2696
Burst,602.5,15,2,1,0.0056,4.3866,4.3641,0.4441
Burst,603.0,12,2,1,0.0056,3.0885,3.0601,0.4175
Burst,603.5,15,2,1,0.0056,4.4408,4.4273,0.3456
Burst,604.5,5,1,6,0.0338,3.7563,-3.3463,0.6282
Burst,604.5,25,1,16,0.09,3.7926,3.4289,0.815
Burst,605.0,5,1,5,0.0281,4.2799,-3.597,1.0143
Burst,606.07,5,1,7,0.0394,3.2767,-2.9347,0.6367
Burst,606.57,5,0,7,0.0394,3.4285,-2.7074,0.9024
Burst,606.57,5,1,7,0.0394,4.024,-3.5945,1.0107
Burst,606.57,26,2,2,0.0113,3.1557,3.035,0.7957
Burst,607.07,5,1,9,0.0506,4.3168,-3.4774,1.3807
Burst,607.58,26,2,2,0.0113,3.02,2.6288,0.9795
Burst,610.58,5,0,1,0.0056,3.28,-2.8617,1.603
Burst,611.09,5,1,9,0.0506,3.0399,-2.0937,0.2218
Burst,611.59,5,0,3,0.0169,4.4817,-3.8574,2.114
Burst,612.09,5,0,2,0.0113,3.3904,-3.1372,0.1649
Burst,612.09,5,1,10,0.0563,3.1282,-2.0848,0.3949
Burst,612.59,5,0,3,0.0169,4.8702,-4.2097,1.463
Burst,613.09,5,0,3,0.0169,3.1896,-2.8328,-0.5229
Burst,613.09,5,1,11,0.0619,3.8483,-2.7433,0.9518
Burst,614.59,5,1,9,0.0506,3.5721,-2.5308,1.0946
Burst,615.09,5,1,8,0.045,5.0644,-3.8548,2.313
Burst,615.59,25,1,12,0.0675,3.0736,2.8387,0.3731
Burst,616.09,5,0,8,0.045,3.6371,-3.0511,0.8164
Burst,616.6,5,1,10,0.0563,3.161,-2.7898,-0.0037
Burst,617.6,5,1,12,0.0675,3.0747,-2.4525,-0.1329
Burst,622.66,5,1,8,0.045,4.5499,-3.7175,1.4581
Burst,623.16,24,2,1,0.0056,7.5159,6.4083,3.9271
Burst,623.66,25,2,1,0.0056,6.8685,5.624,3.943
Burst,628.17,5,1,8,0.045,3.3311,-2.9494,0.112
Burst,628.67,5,1,9,0.0506,3.0409,-2.7408,0.0714
Burst,629.17,5,0,7,0.0394,4.0352,-3.564,1.4358
Burst,629.67,5,1,8,0.045,3.9248,-3.3984,0.9226
Burst,630.17,5,0,7,0.0394,4.1237,-3.5802,1.617
Burst,630.67,5,0,6,0.0338,3.1583,-2.8732,1.0934
Burst,631.17,5,0,8,0.045,4.755,-3.994,2.2195
Burst,631.67,5,0,8,0.045,3.3283,-2.8587,0.8133
Burst,635.68,5,0,6,0.0338,3.0619,-1.8264,0.4117
Burst,637.18,5,0,8,0.045,3.105,-2.7178,0.0417
Burst,637.18,5,1,6,0.0338,4.3167,-2.6361,2.1184
Burst,637.69,5,0,9,0.0506,3.2651,-2.8922,0.8025
Burst,638.19,5,1,7,0.0394,3.3866,-2.5083,1.536
Burst,638.69,5,1,8,0.045,3.1756,-2.552,0.8315
Burst,640.19,5,0,5,0.0281,3.8215,-3.1873,0.8543
Burst,640.69,5,0,4,0.0225,3.023,-2.6865,0.3882
Burst,641.19,5,0,4,0.0225,3.1962,-2.9688,0.3158
Burst,642.19,5,0,5,0.0281,4.2245,-3.7376,1.7344
Burst,642.69,5,1,9,0.0506,3.0276,-2.7171,0.3196
Burst,643.7,5,1,7,0.0394,3.4221,-3.0198,0.2409
Burst,644.7,25,1,16,0.09,3.2243,2.856,0.5139
Burst,645.2,5,0,6,0.0338,3.593,-3.0006,1.4685
Burst,645.7,5,1,8,0.045,4.6252,-3.9441,1.2252
Burst,646.2,5,0,7,0.0394,3.5963,-3.2669,1.1324
Burst,646.72,5,0,5,0.0281,4.6545,-4.0268,1.5805
Burst,653.24,5,1,5,0.0281,4.1798,-3.8028,0.7754
Burst,653.74,5,1,7,0.0394,4.1741,-3.8317,0.832
Burst,655.24,6,1,3,0.0169,3.8832,-3.0886,1.9859
Burst,659.25,25,1,13,0.0731,3.1244,2.8255,0.3673
Burst,664.75,25,1,13,0.0731,3.2974,2.9099,0.7983
Burst,664.75,26,2,2,0.0113,3.3707,0.7629,1.657
Burst,665.25,25,1,13,0.0731,3.2397,2.8855,0.7142
